-- MySQL dump 10.13  Distrib 8.0.34, for Win64 (x86_64)
--
-- Host: 127.0.0.1    Database: blog
-- ------------------------------------------------------
-- Server version	5.5.5-10.4.28-MariaDB

/*!40101 SET @OLD_CHARACTER_SET_CLIENT=@@CHARACTER_SET_CLIENT */;
/*!40101 SET @OLD_CHARACTER_SET_RESULTS=@@CHARACTER_SET_RESULTS */;
/*!40101 SET @OLD_COLLATION_CONNECTION=@@COLLATION_CONNECTION */;
/*!50503 SET NAMES utf8mb4 */;
/*!40103 SET @OLD_TIME_ZONE=@@TIME_ZONE */;
/*!40103 SET TIME_ZONE='+00:00' */;
/*!40014 SET @OLD_UNIQUE_CHECKS=@@UNIQUE_CHECKS, UNIQUE_CHECKS=0 */;
/*!40014 SET @OLD_FOREIGN_KEY_CHECKS=@@FOREIGN_KEY_CHECKS, FOREIGN_KEY_CHECKS=0 */;
/*!40101 SET @OLD_SQL_MODE=@@SQL_MODE, SQL_MODE='NO_AUTO_VALUE_ON_ZERO' */;
/*!40111 SET @OLD_SQL_NOTES=@@SQL_NOTES, SQL_NOTES=0 */;

--
-- Table structure for table `attachments`
--

DROP TABLE IF EXISTS `attachments`;
/*!40101 SET @saved_cs_client     = @@character_set_client */;
/*!50503 SET character_set_client = utf8mb4 */;
CREATE TABLE `attachments` (
  `id` int(11) NOT NULL AUTO_INCREMENT,
  `name` varchar(100) NOT NULL,
  `url` varchar(255) NOT NULL,
  `description` varchar(255) DEFAULT NULL,
  PRIMARY KEY (`id`)
) ENGINE=InnoDB AUTO_INCREMENT=17 DEFAULT CHARSET=utf8mb4 COLLATE=utf8mb4_general_ci;
/*!40101 SET character_set_client = @saved_cs_client */;

--
-- Dumping data for table `attachments`
--

LOCK TABLES `attachments` WRITE;
/*!40000 ALTER TABLE `attachments` DISABLE KEYS */;
INSERT INTO `attachments` VALUES (1,'Imagen3.jpg','https://example.com/imagen3.jpg','Hermosa imagen escénica'),(2,'Documento3.pdf','https://example.com/documento3.pdf','Guía de viaje en PDF'),(3,'Imagen4.jpg','https://example.com/imagen4.jpg','Increíble puesta de sol'),(4,'Documento4.pdf','https://example.com/documento4.pdf','Recetas de cocina en PDF'),(5,'Imagen5.jpg','https://example.com/imagen5.jpg','Vista panorámica de la ciudad'),(6,'Documento5.pdf','https://example.com/documento5.pdf','Consejos financieros en PDF'),(7,'Imagen6.jpg','https://example.com/imagen6.jpg','Detalle arquitectónico histórico'),(8,'Documento6.pdf','https://example.com/documento6.pdf','Lista de compras saludables en PDF'),(9,'Imagen7.jpg','https://example.com/imagen7.jpg','Retiro de meditación en la naturaleza'),(10,'Documento7.pdf','https://example.com/documento7.pdf','Planes de viaje a destinos exóticos'),(11,'Imagen8.jpg','https://example.com/imagen8.jpg','Adorno de moda elegante'),(12,'Documento8.pdf','https://example.com/documento8.pdf','Consejos para inversores novatos en PDF'),(13,'Imagen9.jpg','https://example.com/imagen9.jpg','Playa paradisíaca'),(14,'Documento9.pdf','https://example.com/documento9.pdf','Recetas de batidos saludables en PDF'),(15,'Imagen10.jpg','https://example.com/imagen10.jpg','Aventura en la selva tropical'),(16,'Documento10.pdf','https://example.com/documento10.pdf','Planificación financiera personal en PDF');
/*!40000 ALTER TABLE `attachments` ENABLE KEYS */;
UNLOCK TABLES;

--
-- Table structure for table `attachments_posts`
--

DROP TABLE IF EXISTS `attachments_posts`;
/*!40101 SET @saved_cs_client     = @@character_set_client */;
/*!50503 SET character_set_client = utf8mb4 */;
CREATE TABLE `attachments_posts` (
  `id` int(11) NOT NULL AUTO_INCREMENT,
  `post` int(11) NOT NULL,
  `attachment` int(11) NOT NULL,
  PRIMARY KEY (`id`),
  KEY `post1` (`post`),
  KEY `attachment` (`attachment`),
  CONSTRAINT `attachment` FOREIGN KEY (`attachment`) REFERENCES `attachments` (`id`),
  CONSTRAINT `post1` FOREIGN KEY (`post`) REFERENCES `posts` (`id`)
) ENGINE=InnoDB AUTO_INCREMENT=16 DEFAULT CHARSET=utf8mb4 COLLATE=utf8mb4_general_ci;
/*!40101 SET character_set_client = @saved_cs_client */;

--
-- Dumping data for table `attachments_posts`
--

LOCK TABLES `attachments_posts` WRITE;
/*!40000 ALTER TABLE `attachments_posts` DISABLE KEYS */;
INSERT INTO `attachments_posts` VALUES (1,1,1),(2,2,2),(3,3,3),(4,4,4),(5,5,5),(6,6,6),(7,7,7),(8,8,8),(9,9,9),(10,10,10),(11,11,11),(12,12,12),(13,13,13),(14,14,14),(15,15,15);
/*!40000 ALTER TABLE `attachments_posts` ENABLE KEYS */;
UNLOCK TABLES;

--
-- Table structure for table `categories`
--

DROP TABLE IF EXISTS `categories`;
/*!40101 SET @saved_cs_client     = @@character_set_client */;
/*!50503 SET character_set_client = utf8mb4 */;
CREATE TABLE `categories` (
  `id` int(11) NOT NULL AUTO_INCREMENT,
  `category` varchar(50) NOT NULL,
  `description` text DEFAULT NULL,
  `status` tinyint(1) DEFAULT 1,
  PRIMARY KEY (`id`)
) ENGINE=InnoDB AUTO_INCREMENT=30 DEFAULT CHARSET=utf8mb4 COLLATE=utf8mb4_general_ci;
/*!40101 SET character_set_client = @saved_cs_client */;

--
-- Dumping data for table `categories`
--

LOCK TABLES `categories` WRITE;
/*!40000 ALTER TABLE `categories` DISABLE KEYS */;
INSERT INTO `categories` VALUES (1,'Tecnología','Artículos relacionados con la tecnología',1),(2,'Viajes','Experiencias de viajes y destinos',1),(3,'arte','obras de arte y pintura',1),(4,'videojuegos','videos relacionados con gamers',1),(5,'entretenimiento','paginas de datos curiosos y demas',1),(6,'diversion','contenido divertido',1),(7,'aventuras','Experiencias salvajes',1),(8,'profesional','articulos del ambito profesional',1),(9,'reposteria','videos y recetas',1),(10,'terror','podcast e historias de terror',1),(11,'comedia','contenido gracioso',1),(12,'arte','obras de arte y pintura',1),(13,'Viajes','Experiencias de viajes y destinos',1),(14,'tecnología','Artículos relacionados con la tecnología',1),(15,'Cocina','Recetas y consejos culinarios',1),(16,'General','Publicaciones con temática general',1),(17,'Noticias','Noticias',1),(18,'Espectáculos','Novedades del espectáculo',1),(19,'Política','Noticias de política',1),(20,'Tecnología','Publicaciones sobre tecnología',1),(21,'Películas','Películas',1),(22,'Sin categoría','Publicaciones sin categoría',1),(23,'Deportes','Noticias deportivas',1),(24,'Electrónica','Electrónica',1),(25,'Cómputo','Cómputo',1),(26,'Línea blanca','Productos de línea blanca',1),(27,'Muebles','Muebles',1),(28,'Ropa','Ropa',1),(29,'Calzado','Calzado',1);
/*!40000 ALTER TABLE `categories` ENABLE KEYS */;
UNLOCK TABLES;

--
-- Table structure for table `comments`
--

DROP TABLE IF EXISTS `comments`;
/*!40101 SET @saved_cs_client     = @@character_set_client */;
/*!50503 SET character_set_client = utf8mb4 */;
CREATE TABLE `comments` (
  `id` int(11) NOT NULL AUTO_INCREMENT,
  `post` int(11) NOT NULL,
  `message` text DEFAULT NULL,
  `created_at` datetime DEFAULT NULL,
  `updated_at` datetime DEFAULT NULL,
  `deleted_at` datetime DEFAULT NULL,
  PRIMARY KEY (`id`),
  KEY `post` (`post`),
  CONSTRAINT `post` FOREIGN KEY (`post`) REFERENCES `posts` (`id`)
) ENGINE=InnoDB AUTO_INCREMENT=16 DEFAULT CHARSET=utf8mb4 COLLATE=utf8mb4_general_ci;
/*!40101 SET character_set_client = @saved_cs_client */;

--
-- Dumping data for table `comments`
--

LOCK TABLES `comments` WRITE;
/*!40000 ALTER TABLE `comments` DISABLE KEYS */;
INSERT INTO `comments` VALUES (1,1,'¡Excelente artículo!','2023-10-01 16:08:29',NULL,NULL),(2,2,'Me encantó tu viaje, suena increíble.','2023-10-01 16:08:29',NULL,NULL),(3,3,'Esta receta me viene perfecta para una ocasión especial.','2023-08-29 09:00:03',NULL,NULL),(4,4,'Esta receta me viene perfecta para una ocasión especial.','2023-08-29 09:00:03',NULL,NULL),(5,5,'Esta receta me viene perfecta para una ocasión especial.','2023-08-29 09:00:03',NULL,NULL),(6,6,'Esta receta me viene perfecta para una ocasión especial.','2023-08-29 09:00:03',NULL,NULL),(7,7,'Esta receta me viene perfecta para una ocasión especial.','2023-08-29 09:00:03',NULL,NULL),(8,8,'Esta receta me viene perfecta para una ocasión especial.','2023-08-29 09:00:03',NULL,NULL),(9,9,'Esta receta me viene perfecta para una ocasión especial.','2023-08-29 09:00:03',NULL,NULL),(10,10,'Esta receta me viene perfecta para una ocasión especial.','2023-08-29 09:00:03',NULL,NULL),(11,11,'Esta receta me viene perfecta para una ocasión especial.','2023-08-29 09:00:03',NULL,NULL),(12,12,'Esta receta me viene perfecta para una ocasión especial.','2023-08-29 09:00:03',NULL,NULL),(13,13,'Esta receta me viene perfecta para una ocasión especial.','2023-08-29 09:00:03',NULL,NULL),(14,14,'Esta receta me viene perfecta para una ocasión especial.','2023-08-29 09:00:03',NULL,NULL),(15,15,'Esta receta me viene perfecta para una ocasión especial.','2023-08-29 09:00:03',NULL,NULL);
/*!40000 ALTER TABLE `comments` ENABLE KEYS */;
UNLOCK TABLES;

--
-- Temporary view structure for view `post_categoria`
--

DROP TABLE IF EXISTS `post_categoria`;
/*!50001 DROP VIEW IF EXISTS `post_categoria`*/;
SET @saved_cs_client     = @@character_set_client;
/*!50503 SET character_set_client = utf8mb4 */;
/*!50001 CREATE VIEW `post_categoria` AS SELECT 
 1 AS `title`,
 1 AS `username`*/;
SET character_set_client = @saved_cs_client;

--
-- Table structure for table `posts`
--

DROP TABLE IF EXISTS `posts`;
/*!40101 SET @saved_cs_client     = @@character_set_client */;
/*!50503 SET character_set_client = utf8mb4 */;
CREATE TABLE `posts` (
  `id` int(11) NOT NULL AUTO_INCREMENT,
  `category` int(11) NOT NULL,
  `autor` int(11) NOT NULL,
  `title` varchar(250) NOT NULL,
  `content` text NOT NULL,
  `status` tinyint(1) DEFAULT 1,
  `created_at` datetime DEFAULT NULL,
  `updated_at` datetime DEFAULT NULL,
  `deleted_at` datetime DEFAULT NULL,
  PRIMARY KEY (`id`),
  KEY `category` (`category`),
  KEY `autor` (`autor`),
  CONSTRAINT `autor` FOREIGN KEY (`autor`) REFERENCES `users` (`id`),
  CONSTRAINT `category` FOREIGN KEY (`category`) REFERENCES `categories` (`id`)
) ENGINE=InnoDB AUTO_INCREMENT=431 DEFAULT CHARSET=utf8mb4 COLLATE=utf8mb4_general_ci;
/*!40101 SET character_set_client = @saved_cs_client */;

--
-- Dumping data for table `posts`
--

LOCK TABLES `posts` WRITE;
/*!40000 ALTER TABLE `posts` DISABLE KEYS */;
INSERT INTO `posts` VALUES (1,1,1,'Cómo Optimizar tu Configuración de Red','Si estás experimentando problemas de velocidad...',1,'2003-05-01 22:56:09','2008-05-29 12:43:43','2019-03-19 15:48:01'),(2,2,2,'Mis Consejos para un Viaje sin Estrés','Viajar puede ser emocionante pero también estresante...',1,'2003-05-01 22:56:09','2008-05-29 12:43:43','2019-03-19 15:48:01'),(3,3,3,'Nuevas Tendencias de Moda para la Temporada','Descubre las últimas tendencias de moda...',0,'2003-05-01 22:56:09','2008-05-29 12:43:43','2019-03-19 15:48:01'),(4,4,4,'Beneficios del Yoga en la Salud Mental','El yoga no solo beneficia al cuerpo, sino también a la mente...',0,'2003-05-01 22:56:09','2008-05-29 12:43:43','2019-03-19 15:48:01'),(5,5,5,'Mi Aventura en el Camino Inca','Recorrer el Camino Inca fue una experiencia...',0,'2003-05-01 22:56:09','2008-05-29 12:43:43','2019-03-19 15:48:01'),(6,6,6,'Cómo Establecer un Presupuesto Efectivo','Gestionar tus finanzas personales es fundamental...',1,'2003-05-01 22:56:09','2008-05-29 12:43:43','2019-03-19 15:48:01'),(7,7,7,'Consejos para una Alimentación Equilibrada','Una alimentación equilibrada es esencial para...',1,'1989-02-23 18:57:04','2004-07-23 04:37:19','2009-05-09 20:30:03'),(8,8,8,'Mis Outfits Favoritos para el Verano','El verano es el momento perfecto para...',1,'1989-02-23 18:57:04','2004-07-23 04:37:19','2009-05-09 20:30:03'),(9,9,9,'Inversiones Inteligentes para Principiantes','Aprende cómo empezar a invertir de manera...',0,'1989-02-23 18:57:04','2004-07-23 04:37:19','2009-05-09 20:30:03'),(10,10,10,'Rutina de Ejercicio en Casa para Principiantes','Si no tienes tiempo de ir al gimnasio...',0,'1989-02-23 18:57:04','2004-07-23 04:37:19','2009-05-09 20:30:03'),(11,11,11,'Cómo Elegir los Destinos para tu Próximo Viaje','Elegir el destino adecuado es crucial para...',0,'1989-02-23 18:57:04','2004-07-23 04:37:19','2009-05-09 20:30:03'),(12,12,12,'Recetas Saludables con Ingredientes Locales','Apoyar a los productores locales mientras...',1,'1989-02-23 18:57:04','2004-07-23 04:37:19','2009-05-09 20:30:03'),(13,13,13,'Técnicas para Ahorrar Dinero en tus Compras','Comprar de manera inteligente puede ayudarte a...',1,'1989-02-23 18:57:04','2004-07-23 04:37:19','2009-05-09 20:30:03'),(14,14,14,'Secretos para un Maquillaje Duradero','Logra que tu maquillaje se mantenga fresco...',0,'1989-02-23 18:57:04','2004-07-23 04:37:19','2009-05-09 20:30:03'),(15,15,15,'Mi Experiencia en un Retiro de Meditación','Participar en un retiro de meditación...',0,'1989-02-23 18:57:04','2004-07-23 04:37:19','2009-05-09 20:30:03'),(16,4,9,'Ut occaecati ratione illo totam vel.','Amet quis officiis ea aut debitis minus est. A aut et consequuntur sunt.',1,'1970-04-30 13:40:04','1997-09-22 18:31:58','1998-03-16 09:16:41'),(17,3,21,'Aut ratione aperiam quae hic non.','Quia vel quo ducimus cupiditate. Nostrum nulla perferendis eligendi quibusdam eum repudiandae est. Veritatis repudiandae reiciendis voluptatibus laborum asperiores.',0,'1975-08-12 03:09:15','1978-08-03 11:02:35','2021-03-04 14:52:41'),(18,2,18,'Fugit deleniti ipsa at ducimus.','Quia est ducimus quia fugit natus quod. Aut qui quo ut voluptates cumque nobis.',0,'2020-08-25 12:30:08','2023-03-23 05:23:20','2023-06-15 22:11:21'),(19,3,3,'Amet officiis praesentium voluptas accusamus omnis asperiores sed nostrum.','Inventore officiis aspernatur quasi exercitationem. Qui nam consectetur autem quo est. Sed officia doloremque ipsa dolore nihil quidem harum. Doloremque laudantium officia impedit iste in error. Delectus quis quis tempore neque qui.',1,'1988-08-14 10:22:32','1996-10-26 13:29:48','2019-11-01 01:53:14'),(20,8,6,'Asperiores et perspiciatis ut odio repellat ut ut.','Aliquid voluptas quis sint sed et rem. Doloremque corrupti vel dolore voluptatem est molestias exercitationem. Et quaerat omnis libero et placeat. Cum sed ea repudiandae dolorem ut pariatur. Pariatur quia architecto quia omnis.',0,'1974-12-08 16:45:38','2020-02-10 10:18:41','2022-11-07 16:46:02'),(21,7,13,'Pariatur natus vel cumque id eaque quos.','Impedit sit rerum id doloribus fuga repellat iure nam. Exercitationem recusandae sint at recusandae.',1,'1992-03-26 03:26:00','2017-10-17 20:55:56','2018-11-23 17:28:49'),(22,9,9,'Et nesciunt architecto qui dolorem.','Eius magni qui provident repudiandae inventore nisi. Sit officia labore sed et et quis quidem. Est voluptatem ea et quia voluptatibus tempore.',1,'1985-12-28 08:36:04','2017-11-06 13:24:33','2020-10-25 04:41:38'),(23,3,19,'Suscipit qui similique nesciunt voluptates atque.','Voluptas impedit consequatur quia ipsa. Et eaque accusantium sed provident mollitia doloremque nisi laboriosam. Cum laboriosam aut at enim. Eum sunt suscipit vel rerum labore autem odio. Eum molestias porro voluptatem et.',1,'2022-08-05 19:08:01','2022-12-10 11:44:58','2023-04-11 07:29:58'),(24,9,9,'Molestiae et voluptatem perferendis occaecati eligendi aut vitae error.','Quisquam impedit assumenda et. Qui et quia illum nihil ea. Est quis voluptatem a molestiae corporis.',0,'1971-03-11 01:28:30','2019-08-05 10:18:30','2020-07-18 13:03:16'),(25,2,7,'Similique ex molestias eaque vitae.','Quis magni similique ipsa quasi. Placeat et quia sunt quo incidunt harum. Esse quibusdam in distinctio tenetur vel.',1,'1976-04-26 04:45:05','2002-08-12 17:35:00','2006-03-08 00:40:33'),(26,1,4,'Voluptate qui id odit consequatur quos esse.','Temporibus sit dolores reiciendis et tempora. Sit atque dolorem et quia. Non dolores fugit debitis cupiditate soluta et nam. Repellendus quisquam quia eos fugiat et. Nihil saepe eum ratione veniam sunt qui.',0,'2014-01-25 23:53:17','2014-07-30 03:48:14','2020-12-20 08:00:24'),(27,6,10,'Similique rerum beatae alias id et quia.','Rerum quia corporis omnis officiis enim. Consequatur ut voluptatem minima ut quod dolorem asperiores. Qui doloribus sed magnam dolore. Aut illo et cumque odit quisquam.',0,'1992-04-13 19:33:13','2006-06-17 06:09:25','2016-09-12 00:01:41'),(28,5,21,'Possimus ea eos in harum et provident.','Voluptatem autem libero ut repudiandae. Totam iste tenetur quisquam consequuntur est. Neque nam dolores et. Saepe eos et aliquid voluptates eaque.',0,'1996-03-12 10:29:16','2001-07-16 13:02:23','2018-07-18 07:58:43'),(29,5,11,'Eos iste doloremque et maxime et et placeat.','Amet harum eum ad ad ut explicabo iusto. Impedit a neque dolor iure et. Et odit quos nisi tempore aliquid cum. Soluta et est asperiores. Fugiat rem error natus ipsam omnis et.',0,'1999-08-23 16:51:28','2018-09-01 11:09:31','2018-10-30 17:56:45'),(30,6,18,'Et accusantium error voluptatibus qui quisquam libero.','Vel est est enim odit beatae numquam occaecati. Et ullam accusamus excepturi eius nihil est ut. Voluptas laboriosam dolore neque ad quibusdam. Aliquam distinctio aspernatur nesciunt ab. Laudantium sint nemo ut consequatur.',0,'1995-05-12 09:01:58','2019-08-11 08:56:05','2021-04-18 13:29:26'),(31,5,15,'Ex dolor esse dicta non.','Est alias placeat est assumenda. Est laudantium qui perspiciatis sint. Non et expedita aut sequi adipisci. Veritatis qui accusamus eum aspernatur.',0,'1980-07-17 03:12:51','1998-11-19 21:29:17','2015-09-04 02:37:00'),(32,9,15,'Aut in rerum eius earum id cumque laudantium.','Quam voluptas atque aliquid deleniti. Culpa fugit quia aut. Perferendis voluptatibus et enim est sit.',1,'1985-04-28 19:56:00','1993-04-20 08:22:05','2016-02-26 12:07:40'),(33,8,15,'Aliquam iure rerum nemo sit temporibus odio.','Et mollitia facilis voluptates omnis velit rerum nihil numquam. Qui ipsam consequatur ipsum perspiciatis.',1,'1985-08-09 21:43:20','2020-01-03 01:29:25','2020-04-08 05:09:29'),(34,5,14,'Ut eveniet eius eius nihil enim et beatae.','Sunt ut ut incidunt officia. Aspernatur laudantium eum dolore minima sit quis. Laboriosam ipsam aut exercitationem omnis neque libero mollitia aut. Iusto quos nesciunt dolores consectetur eos.',0,'2000-05-12 08:20:56','2022-10-02 06:21:47','2022-10-08 20:08:46'),(35,4,9,'Maxime nihil sed explicabo facilis quia neque dolore.','Nulla impedit est atque enim sunt. Provident illum sint est fugiat fugiat. Veniam velit rerum quasi.',0,'2003-11-18 19:38:45','2009-02-01 04:49:21','2014-10-11 23:02:27'),(36,7,4,'Ut voluptatem sit nam laudantium et.','Velit in eum animi quia et beatae. Dignissimos id et sapiente velit. Autem dicta corporis et dolores. Saepe doloribus laudantium ipsa est.',0,'2019-10-26 04:17:54','2020-03-08 17:44:29','2022-09-30 04:18:33'),(37,8,13,'Rem laborum voluptatem dolore consequuntur.','Commodi id sapiente at quis voluptatem. Cum et dolorem quae itaque et repudiandae. Quas ut minima quibusdam impedit. Labore corrupti aut porro praesentium est aut rerum.',0,'1974-10-01 00:43:00','1996-12-12 07:30:11','2003-11-15 00:59:09'),(38,6,14,'Rerum exercitationem dolores quae excepturi ratione autem eius inventore.','Eius tempora cum sed incidunt sed beatae delectus. A exercitationem corporis dolores quo omnis est est. Animi neque eligendi laboriosam aut.',1,'1981-05-30 13:12:22','2014-11-24 12:02:12','2017-06-06 16:42:47'),(39,7,8,'Alias numquam magnam in facere labore sequi qui officia.','A optio in eaque tempora quia occaecati. Numquam at cum sequi quia consequatur vel porro. Nobis provident assumenda aspernatur repudiandae recusandae voluptas debitis asperiores.',1,'1997-01-14 03:33:20','2009-11-02 13:47:44','2012-05-23 01:52:58'),(40,5,4,'Dolore recusandae iusto atque cumque omnis iste assumenda sed.','Necessitatibus esse dolor sequi ipsam corrupti. Excepturi aliquam quam non itaque dolorem sed sed. Ut quo hic voluptatibus repellendus unde illo quisquam.',1,'1995-07-02 09:54:15','2020-12-31 07:16:47','2021-05-26 02:58:03'),(41,5,4,'Quidem iusto vero nesciunt facere sed veniam quo error.','Ea velit ducimus atque quis. Sint architecto cupiditate id consequuntur.',1,'2021-01-14 19:07:01','2023-06-25 10:31:39','2023-06-30 20:58:18'),(42,6,13,'Quia ad et adipisci non cumque.','Optio omnis illum beatae sit. Placeat aperiam dolores ut sint ut excepturi dolorem. Quia libero aut id aspernatur labore cumque.',0,'1979-05-19 18:03:48','1989-08-07 21:22:25','2009-03-08 17:32:41'),(43,3,21,'Ea deleniti sit cum repellat eius.','Occaecati vero minima modi occaecati fuga. Nihil consequatur aut reprehenderit dolor provident quisquam. Soluta et sequi nisi sit maxime non. Rem repudiandae velit modi quos aut.',1,'2012-05-24 03:09:23','2020-10-23 06:27:32','2023-02-14 19:54:10'),(44,3,12,'Fuga veniam placeat dolorum maxime.','Fugiat id dolore voluptatem qui nostrum. Ut et similique eum iure quae. Animi saepe ipsa dolorum minus. Voluptatem earum hic nobis consequatur voluptatibus eum assumenda.',1,'2014-05-04 00:07:55','2019-09-30 05:30:10','2021-07-24 13:38:05'),(45,7,7,'Eos occaecati dignissimos excepturi blanditiis cupiditate.','Nihil dolor id dolore. Qui voluptas quos maiores mollitia nulla. Accusantium iste quia optio sed ipsum autem.',0,'1991-06-05 10:45:44','1999-11-07 22:17:16','2002-02-04 12:45:49'),(46,4,22,'In voluptates ex quis amet sequi.','Consequuntur autem labore ipsum aut ullam qui dignissimos. Iusto fuga repellat voluptates quia hic perspiciatis ad. Velit ea atque officiis distinctio cupiditate.',1,'2020-11-24 12:39:22','2021-02-28 16:54:43','2022-12-01 03:24:30'),(47,3,2,'Ex perspiciatis molestiae modi aut cupiditate corporis totam.','Dolores deleniti quidem sit nostrum. Labore et est soluta et neque aliquam in. Veniam repudiandae non dolore et aut. Et at doloremque enim voluptas.',1,'2011-08-16 12:06:37','2021-11-18 08:27:38','2023-08-19 11:06:05'),(48,9,6,'Minima sit aliquam enim iusto sit dignissimos voluptate.','Consequatur qui laborum nihil iure. Pariatur debitis aut culpa aut fugiat officiis et. Doloremque molestiae veritatis ducimus dolore quae ratione dignissimos.',1,'1979-08-20 07:01:09','1983-10-14 20:55:15','2006-10-22 10:42:01'),(49,8,8,'Occaecati voluptas temporibus dolores aperiam.','Iste provident voluptate quia sed excepturi non architecto quod. Aliquam aliquid nihil esse magnam veniam suscipit cumque. At esse sunt animi.',0,'1970-03-09 19:10:44','1997-02-21 10:26:11','2006-10-08 01:30:52'),(50,3,9,'Fugit accusantium consectetur temporibus repellat sequi dolores ea.','Quidem vel beatae qui molestiae animi quaerat aut. Asperiores enim vel mollitia est optio qui. Quod corrupti incidunt sunt et magni. Sit et aut est necessitatibus suscipit et deserunt vel.',1,'1999-06-19 17:25:20','2012-03-31 23:29:21','2016-03-27 07:41:17'),(51,5,6,'Rerum expedita asperiores reprehenderit quis.','Quas facilis sed temporibus et reprehenderit dolor. Aperiam incidunt minus ab iste quia. Aut non possimus quo alias rerum et.',1,'2020-10-23 08:57:46','2023-01-19 15:09:31','2023-07-04 20:42:59'),(52,4,17,'Illo sit eum autem labore.','Debitis qui culpa dolores. A laboriosam eos fuga vitae quidem quidem. Est et qui atque est aut maxime et impedit. Aut voluptas provident occaecati deleniti officia possimus.',0,'2023-06-16 23:20:16','2023-07-26 03:16:21','2023-08-19 14:08:58'),(53,6,9,'Fugit et consequatur dolorum amet perferendis atque.','Fugit praesentium voluptatem alias facilis quia quia aliquam. Delectus atque non sed consectetur expedita deserunt. Dolorem qui sequi iusto inventore possimus et. Eos laborum ab nam eveniet.',1,'2007-05-02 23:31:02','2010-07-13 08:04:55','2010-08-13 17:10:16'),(54,7,9,'Ut animi a et dolorum quae impedit culpa officiis.','Nihil impedit iste numquam aut possimus unde dicta. Magni consectetur adipisci accusamus occaecati animi et qui quam. Est ipsa nostrum error qui rerum et aliquam. Voluptates quo reprehenderit nam.',1,'2005-05-16 23:05:34','2020-05-23 22:31:50','2020-08-03 20:25:58'),(55,3,17,'Enim nesciunt magni a odio odio qui nam.','Aut id nihil rerum recusandae omnis et et. Vero aut iusto vel est doloribus atque. Neque dolorum aut et iusto officiis aspernatur sit.',0,'1976-06-03 03:57:32','2001-08-03 15:12:05','2007-05-30 12:15:10'),(56,7,18,'Qui consequatur velit laudantium quae aut omnis qui et.','Voluptatibus laborum quod minima. Minima sit sunt dolore suscipit perspiciatis tenetur facere nemo. Tempore pariatur tempore nesciunt fuga suscipit.',1,'2014-06-20 11:02:10','2018-06-17 11:51:29','2019-08-04 15:36:41'),(57,2,22,'Qui et qui officia doloremque molestiae sequi.','Dolorem maxime dolore aut id ut ratione. Id qui numquam reiciendis est dolor quos. Sint quia dolorem maxime ut ad totam natus.',1,'2019-02-08 15:04:01','2020-05-22 18:06:40','2022-01-28 14:01:43'),(58,1,2,'Necessitatibus soluta voluptatem officia aut facere nam fugit.','Quos quas modi ipsum et quos nesciunt perspiciatis. Iusto ut possimus sint sit quas impedit assumenda. Dolores sint iste est et voluptate. Blanditiis fugit sit molestiae consequatur quasi aut laudantium reprehenderit.',1,'2005-07-06 23:54:54','2023-02-06 18:34:41','2023-03-03 06:38:16'),(59,1,22,'Commodi ut quo qui commodi veniam.','Vel corporis maxime molestiae voluptatibus et molestias. Qui ex aliquid doloribus amet. Est consequatur atque aut laborum ut facere explicabo dolores.',1,'1980-03-29 13:05:01','2011-07-27 13:44:30','2021-06-12 14:45:22'),(60,1,22,'Aliquam repudiandae veniam minima laborum unde repudiandae culpa temporibus.','Ut ducimus deserunt laboriosam qui voluptas ut dicta. Suscipit error facilis dolor occaecati iusto unde.',1,'2005-09-07 14:03:41','2010-05-18 21:37:44','2015-08-31 01:44:17'),(61,4,17,'Et sed et non veniam atque.','Qui similique ipsa similique quia qui repellendus sed. Delectus optio aperiam saepe nihil harum corrupti. Voluptates vitae minima tempora et.',0,'1998-07-12 14:52:01','2020-07-21 01:55:33','2022-10-20 02:29:34'),(62,2,20,'Voluptas perferendis rem neque illo.','Vero modi mollitia dolorum quidem vitae porro. Vitae velit inventore magnam velit sint nemo. Ex voluptatem consequuntur facere voluptate adipisci.',1,'2019-03-07 12:31:45','2023-01-01 23:09:44','2023-03-04 06:58:54'),(63,7,7,'Inventore aut ea eius autem molestiae beatae.','Nostrum adipisci aut architecto pariatur est sit. Ea occaecati ea corrupti. Ullam voluptate amet nihil alias quia eos.',0,'2015-11-19 08:12:08','2021-09-02 04:53:12','2021-11-17 14:20:19'),(64,7,14,'Iusto illo itaque harum natus quas eius tempore.','Similique deleniti minus dolorem rerum est quod soluta. Pariatur quisquam soluta porro quod sit esse ut est. Laboriosam et accusamus distinctio. At debitis quo veniam. Ut ut consequuntur voluptatem quos nobis et.',0,'1988-04-21 08:21:40','2001-08-02 18:38:08','2002-12-12 11:30:00'),(65,6,21,'Error iste qui enim vel odio fuga quasi.','Velit et suscipit nesciunt minus sequi pariatur rerum. Est earum et consequatur vel quia quia voluptatibus. Aliquam et doloribus nihil expedita nisi fugiat. Minus quaerat vel vel consequatur.',0,'1987-09-30 04:56:00','2010-01-09 17:22:29','2022-08-16 09:41:37'),(66,5,20,'Exercitationem sint aut minima enim illum voluptatem unde a.','Ab nihil ipsa iusto est. Similique ut facere quae consequatur nisi ut esse. Dolorem ullam vel id porro minus numquam omnis. Ut similique blanditiis sed molestiae quia illum.',0,'1974-01-26 16:25:27','2008-08-11 16:30:15','2010-02-21 11:57:55'),(67,1,13,'Nesciunt nulla natus dolorem.','Id deserunt reprehenderit illo aut consectetur rem. Impedit corporis sit nemo hic beatae in. Quo accusamus commodi tempora quos voluptates eveniet nobis.',1,'1996-03-06 16:25:09','2014-08-15 16:59:07','2016-03-08 16:19:35'),(68,2,21,'Exercitationem tenetur quia iusto nam.','Delectus itaque quia optio corrupti incidunt mollitia ipsam. Non molestiae in quibusdam quas ullam. Consequatur aut deleniti rerum sint eligendi sit. Minus distinctio quisquam amet et ea velit iusto. Illo qui itaque culpa voluptas nisi accusantium.',0,'2017-11-21 12:21:01','2020-09-04 10:31:54','2021-09-04 14:47:50'),(69,1,16,'Atque ut quis aut rerum quis fugiat.','Necessitatibus eos similique maiores recusandae rerum dolorem. Eos aperiam et dignissimos repellat et quia. Autem est iusto placeat eum. Nihil vero excepturi incidunt aut eum.',1,'1981-10-16 11:22:08','2010-07-25 07:02:38','2016-03-23 17:43:48'),(70,6,12,'Sequi illo accusamus sint ut non.','Modi eaque vitae porro repellendus. Est impedit totam explicabo nihil accusamus fugit. Iure sequi rerum delectus at culpa sunt saepe voluptatem. Velit omnis corporis velit sunt ut error.',0,'1987-05-25 00:13:29','2018-08-25 00:29:11','2021-01-30 06:34:58'),(71,8,9,'Et atque tempore perferendis sunt labore aut.','Beatae veritatis nesciunt ex. Debitis quaerat sequi ut est cum. Et sit et nostrum ab alias. Rem in delectus sapiente consequatur repellendus.',0,'2012-05-10 04:30:47','2018-02-05 18:18:16','2021-04-16 19:24:37'),(72,9,1,'Animi aut repudiandae accusantium.','Dolorem dignissimos et sed quisquam ea voluptate. Omnis occaecati et a at placeat aut et. Architecto iusto rerum et est consequatur eos reiciendis.',0,'2021-10-06 22:35:02','2022-05-14 11:51:03','2022-12-26 03:17:06'),(73,8,20,'Et accusamus reprehenderit soluta sit qui odio.','Quia ducimus esse accusamus sed autem aut. Facilis qui natus occaecati dolorum. Aliquam aut doloribus nemo ipsum aliquid. Voluptates itaque est atque cumque reiciendis enim.',0,'1986-10-07 07:04:31','2018-01-07 08:30:51','2022-12-09 09:57:18'),(74,7,22,'Ut voluptas tenetur debitis est non voluptas et.','Dolorem culpa non eligendi sint. Perspiciatis est neque velit debitis. Magnam neque voluptatem quibusdam ipsam ad modi fuga. Culpa eaque exercitationem repellat maiores sunt. Quis ut quia sed nihil voluptas magnam.',1,'1994-05-10 22:03:16','1997-09-18 19:02:27','2014-06-20 15:25:02'),(75,4,5,'Necessitatibus asperiores aut doloribus molestias.','Totam quia cupiditate inventore vel odio. Rerum expedita magni aliquid sed qui nulla molestiae qui. Cumque non et et est commodi et voluptatem.',1,'2000-09-28 23:14:19','2019-06-13 08:17:58','2021-10-08 01:30:20'),(76,5,6,'Nesciunt corrupti debitis mollitia soluta harum commodi.','Officia ullam illum sit expedita. Aperiam quibusdam natus quasi aspernatur. Officiis sunt itaque sit omnis eaque quos quo.',1,'1990-01-11 06:39:10','1994-03-26 12:21:13','2020-09-21 03:20:34'),(77,1,11,'Esse nisi nulla esse nobis.','Porro debitis qui aut sed dicta alias amet ut. Beatae ea error veritatis. Consequuntur quo dolorum quidem incidunt sit impedit. Quo rerum adipisci tenetur.',0,'2009-02-09 11:46:47','2021-12-21 02:04:05','2023-06-07 07:34:09'),(78,3,6,'Eos dicta cumque eum laudantium maxime enim eum.','Dolorem eligendi est non quibusdam. Quis sed et quaerat. Dolores ratione ut modi voluptatem qui id.',0,'2015-04-25 18:27:25','2021-10-24 15:58:07','2022-11-02 16:18:46'),(79,8,14,'Qui laudantium possimus magnam fuga culpa.','Consectetur quia itaque mollitia voluptas illo. Possimus dolores tenetur vitae excepturi impedit a occaecati. Inventore nihil ullam pariatur labore blanditiis nobis nesciunt. Ducimus nesciunt vero assumenda placeat.',1,'2021-06-13 17:58:08','2021-07-17 05:41:26','2022-10-16 02:52:28'),(80,5,12,'Enim id dicta consequatur rerum.','Facilis error deserunt consequatur doloribus. Ad natus facilis nihil beatae voluptate exercitationem. Ad voluptas exercitationem distinctio eum fugiat nisi.',0,'1973-06-10 05:40:27','1982-05-15 12:39:12','2000-10-14 01:38:34'),(81,8,3,'Voluptatem dolorem temporibus sit voluptas.','Nihil esse quisquam quis quia. Repellat cumque aliquid repellendus. Enim fugit sit voluptatibus et autem et dicta.',1,'2019-03-28 22:35:38','2019-05-27 20:16:10','2022-08-11 16:20:21'),(82,2,11,'Dolore maxime rerum illum.','Rerum omnis vel pariatur nostrum. Enim fugiat aut alias. Nihil hic sed dignissimos qui. Autem placeat dolores et non cumque repellat quo.',1,'1994-11-07 10:40:23','2017-09-02 06:06:30','2018-11-04 02:25:18'),(83,8,11,'Quia dolorum accusamus iure.','Id mollitia quod quidem est ullam saepe mollitia. Saepe officiis quia eveniet autem illo. Voluptatem ipsa voluptatem minus est voluptates sequi.',0,'1990-09-14 12:57:13','1991-04-03 04:24:25','2023-01-31 16:58:06'),(84,8,22,'Non numquam vitae dolorem vel.','Saepe perferendis assumenda eos fugiat odio. Dicta aut ut ad est illum. Quia blanditiis est sint et sed assumenda impedit sed.',0,'2022-05-27 11:09:38','2022-10-24 04:36:09','2023-08-04 20:24:22'),(85,9,11,'Ut cupiditate sed blanditiis explicabo facilis voluptatem rerum.','Pariatur repellendus ut aut aliquid quas sunt. Impedit omnis dolores rerum nam optio eligendi necessitatibus quis. Id iure eius aliquid id. Incidunt rerum odit possimus dolorem.',1,'2001-07-23 09:25:58','2021-05-17 15:20:42','2022-06-17 09:33:57'),(86,7,19,'Voluptas ut est et laudantium qui quo culpa fuga.','Facilis nisi eaque in in est at voluptas. Cumque animi et suscipit eos sunt enim et. Autem voluptatem et dicta itaque ut harum.',0,'2014-03-29 14:13:46','2014-08-22 05:15:02','2022-09-04 12:41:52'),(87,1,16,'Eligendi similique ipsa ad rerum quia nam doloremque.','Odio corrupti iusto ut animi incidunt culpa. Similique animi ea iste accusamus. Fugit ipsum rem et quisquam ducimus perspiciatis. Fugiat commodi dolores et totam alias distinctio.',0,'1984-05-15 12:13:58','2018-12-07 08:32:29','2022-06-01 03:01:26'),(88,7,15,'Nihil aliquid excepturi minus sunt maxime dicta consequatur non.','Ut recusandae quisquam aut voluptas praesentium. Illo magnam possimus minima repudiandae aliquam. Sint iure omnis aut consequatur provident accusantium quisquam et. Nulla quas fugiat iste ut expedita distinctio.',0,'1974-12-10 12:07:27','2004-11-13 17:25:14','2009-02-13 15:40:45'),(89,7,2,'Quae suscipit enim nulla dolor.','Quis consequatur animi nesciunt et mollitia dolore autem. Ratione aut expedita facere hic aperiam id. Dolorum dignissimos dolorem nam possimus hic sapiente ut.',1,'2020-01-10 09:41:16','2020-02-03 03:22:26','2022-09-23 21:48:22'),(90,8,8,'Ut porro architecto qui.','Ut velit sint omnis in excepturi quisquam sit. Hic sit fugit necessitatibus non expedita qui. Iure ducimus accusamus velit excepturi et modi. Explicabo doloremque laudantium aut voluptatem nobis accusamus qui consequatur.',0,'1971-02-03 16:47:16','2020-04-24 11:47:59','2023-07-15 21:51:42'),(91,6,22,'Voluptatem molestiae sint nihil maxime.','Ut qui sit unde mollitia corporis et. Deserunt voluptas voluptatibus nobis velit esse. Rerum possimus excepturi minima.',1,'1976-11-13 01:15:42','2016-11-11 08:29:39','2018-10-06 11:40:04'),(92,3,2,'Molestiae molestiae perspiciatis dicta et.','Incidunt temporibus dolorem iste ut. Totam nulla sint cum voluptas quam et sed. Fugit fugit et debitis nam non.',1,'2019-07-03 08:38:53','2023-06-09 16:15:11','2023-06-09 21:37:26'),(93,8,11,'Recusandae et ipsum error voluptatem qui.','Quo sequi velit tempore necessitatibus enim ipsa. Ex vel ex quas et qui. Ut consequatur fugit est exercitationem et cum.',1,'1978-01-17 02:33:41','2020-04-29 20:42:31','2020-12-14 21:06:23'),(94,4,5,'Delectus quod ut sint sit delectus.','Neque consequatur est in qui. Facilis esse officiis nisi laboriosam facilis.',0,'2019-02-23 22:23:29','2020-05-17 04:08:34','2022-12-05 15:16:22'),(95,6,17,'Similique ipsam esse autem assumenda.','Aut atque nihil possimus architecto. Autem eum sit eaque voluptas est reprehenderit qui. Mollitia nemo labore qui ea qui consequatur.',1,'1989-06-16 22:15:46','2023-03-06 01:18:37','2023-06-30 07:03:22'),(96,2,1,'Aperiam id optio aut eligendi sed minima sapiente ea.','Totam ratione alias dolor consequuntur. Adipisci minus modi nam reiciendis. Autem modi sed consectetur odio eos. Non harum dolor aut id consequatur in. Odio velit quasi dolorum vitae.',0,'2008-01-25 04:51:46','2020-12-25 08:47:32','2021-03-01 22:14:36'),(97,6,18,'Illo hic sequi incidunt asperiores.','Soluta et excepturi molestias. Quas sit sit necessitatibus molestiae. Placeat quis accusantium sed. Et corrupti at perspiciatis in ipsam vitae.',0,'2018-06-10 05:36:43','2022-07-12 11:33:59','2023-07-06 05:53:55'),(98,8,4,'Ducimus voluptatem distinctio rerum.','Voluptatem cum maxime similique et sit unde deserunt. Ipsum temporibus quibusdam rerum et error omnis sint. Accusamus aut nulla consequatur explicabo.',1,'1997-08-27 01:10:18','2008-04-12 16:49:32','2012-09-19 22:36:04'),(99,7,11,'At rem minima necessitatibus.','Molestiae et aliquid est maxime. Odit quisquam vel et illo.',1,'2018-07-14 15:22:23','2019-10-22 02:25:43','2021-03-14 02:40:02'),(100,8,1,'Dignissimos fugit dicta eligendi quia.','Et aut et ad veniam facere. Exercitationem sint sit culpa. Praesentium itaque ratione temporibus omnis rerum.',1,'2017-02-17 15:59:12','2019-05-19 21:01:32','2023-04-28 18:30:49'),(101,5,11,'Alias corrupti qui dolor assumenda dolores aliquid.','Consequatur sed ad in laudantium at mollitia iusto. Fugiat quia iure non et totam et in cum. Tenetur sint ea ratione commodi laudantium laudantium.',1,'2015-04-25 16:14:07','2016-04-25 09:08:27','2016-06-05 12:13:09'),(102,8,9,'Est dolore nemo dolores eveniet impedit possimus illum.','Doloremque est aut ratione nemo et. Facilis odio voluptas dolor voluptatem. Quasi quae ut pariatur ut numquam nobis et. Sit ea sint saepe et sunt.',1,'2004-03-20 02:25:58','2016-08-17 01:35:16','2019-06-01 16:00:39'),(103,9,16,'Itaque fugiat nobis dolorum qui tempora quibusdam.','Laudantium et laboriosam quod rem voluptatum. Non ut in facilis magni. Et iusto dolorem facere aut exercitationem incidunt quo.',0,'1977-11-26 23:22:04','2008-01-01 07:24:12','2019-02-16 20:14:37'),(104,5,22,'Exercitationem consectetur quos minima impedit consequatur.','Consequatur odit dolorem ut assumenda quia quis nemo. Adipisci quo itaque quidem et deserunt ea iste. Natus qui deserunt aut quod quae odio iure. Omnis suscipit vero fuga eos quidem quaerat earum.',1,'2002-11-23 09:36:31','2004-04-11 17:51:45','2007-02-24 12:57:18'),(105,8,11,'Perspiciatis sunt incidunt vel aut.','Ut repudiandae sit quasi aliquam. Ipsum non soluta incidunt temporibus. Rerum rem porro voluptatem pariatur quae et autem fugit. Aperiam molestias qui labore iste.',1,'1996-12-07 05:58:54','2012-05-18 15:35:09','2022-10-02 13:33:34'),(106,5,11,'Quis soluta et itaque perferendis.','Eos ut rem suscipit omnis cupiditate earum dolor. Nulla id velit sed ipsa vel doloribus impedit.',1,'2012-05-07 22:18:19','2018-07-30 04:26:32','2019-05-01 19:24:17'),(107,7,18,'Reprehenderit consequatur id non qui tenetur quidem.','Ea eius provident hic. Consequuntur ea rerum quos et et omnis est. Totam nesciunt in asperiores repellendus quia voluptates provident. Consequuntur mollitia quod optio dolorum et molestiae.',0,'1979-07-19 07:12:53','1998-03-10 09:51:40','2019-10-30 04:08:06'),(108,6,6,'Earum est aliquid voluptatem consequuntur enim libero aut.','Harum dolore aut blanditiis voluptas quia fuga sint. Ea id veniam architecto quisquam fugiat voluptatem maxime. Architecto nisi eos eligendi asperiores quaerat. Molestiae eaque nostrum quos iste.',1,'2003-06-02 21:16:25','2022-11-10 11:22:06','2023-08-01 07:20:11'),(109,2,4,'Laboriosam doloribus dolor a repellat.','Autem consequatur facere dolores animi. Odio temporibus atque ut quam nisi. Et beatae iure recusandae dolore iusto. Eum facere dolor corrupti quo atque magnam asperiores.',1,'1997-09-04 22:02:22','2014-09-12 14:06:36','2023-03-17 13:35:58'),(110,3,1,'Sint corporis similique sint.','Sed minima et assumenda fugit dolores blanditiis odit. Culpa amet vel ut sapiente magni molestias id totam.',1,'1974-11-18 03:05:30','2012-06-20 03:27:11','2020-07-30 14:10:33'),(111,7,4,'Minima suscipit dignissimos veritatis.','Labore consequatur minima tempora modi error. Consequatur iste distinctio sunt aspernatur reprehenderit. Perferendis aut rerum et eum. Ipsum fugit dolorem et nulla.',0,'2012-06-08 17:18:18','2017-09-12 19:15:00','2019-05-02 17:08:52'),(112,6,1,'Deserunt et officiis quo eum cum.','Veritatis aut et vitae ab voluptates fugit. Iste ut in sit minus laboriosam doloribus incidunt quisquam. Sed iure corrupti voluptatum unde officia repudiandae.',1,'2022-05-17 02:13:17','2022-06-23 16:43:43','2023-01-15 01:47:00'),(113,6,14,'Neque laborum quibusdam laborum sit quis est.','Enim voluptatem quasi dolore reprehenderit error beatae. Adipisci tempore quasi harum hic. Molestias voluptatem voluptas aliquid eos quam quas. Nam est quam vel delectus quis.',1,'2020-05-31 18:16:38','2021-09-28 20:04:32','2022-02-05 01:04:38'),(114,7,7,'Voluptas quia quibusdam dicta est magni neque ipsam labore.','Molestiae qui aut inventore ut quo optio dicta tempora. Vitae similique dolore repudiandae culpa quidem facere veniam. Assumenda nemo aut qui ducimus deserunt dicta quam velit.',0,'1979-06-05 21:40:30','1989-03-11 10:47:37','2021-06-24 08:19:35'),(115,3,2,'Enim itaque minus neque eum tempora dolor.','Numquam aut officia officia dolores amet velit provident. Aut nihil odio repudiandae vel ab a. Ut at iste est odio omnis. Quae consequuntur dolor itaque velit blanditiis laudantium.',0,'2005-03-08 15:30:17','2021-06-16 16:36:34','2022-08-26 08:07:05'),(116,6,18,'Voluptatem blanditiis adipisci ad aut dolor provident.','Recusandae quasi perferendis nobis non neque incidunt. Autem ad sit eum ab ut quia. Aliquam hic dolorem et itaque excepturi. Vitae quia nesciunt praesentium optio illo.',0,'2005-09-10 16:07:54','2016-12-20 06:19:14','2018-02-17 09:59:13'),(117,4,21,'Omnis iste impedit et ab.','Consequatur qui cupiditate neque fugit illum quidem eos. Perferendis facere nihil ut voluptates. Accusamus cupiditate nihil libero similique nisi vel consequatur omnis.',1,'2011-10-09 18:23:22','2023-04-29 22:55:12','2023-07-22 09:34:55'),(118,5,18,'Maiores autem eos dolores temporibus.','Cum est quia rerum cumque velit accusantium fugit. Maiores dicta rerum perspiciatis optio fuga. Qui et non veniam odit neque ad.',1,'2013-02-01 18:49:34','2019-05-17 21:51:51','2023-06-10 01:07:30'),(119,4,6,'Id sit et corporis accusantium dolore aut odit fugit.','Et totam aliquid qui. Ipsa adipisci est tempore aut voluptatem eaque totam. Sed voluptatem molestias sit sequi. Maxime nam est et laboriosam voluptas.',0,'2006-11-25 22:23:01','2016-02-10 21:26:27','2018-12-09 01:57:58'),(120,3,1,'Et facere nisi eum qui dolorem rerum.','Voluptatibus suscipit occaecati odit dolores voluptatem beatae consequatur. Ut culpa ipsum atque repudiandae. Occaecati repellendus eum voluptates voluptatem est nemo.',0,'2005-09-10 22:40:17','2013-11-10 06:46:42','2017-11-28 05:05:35'),(121,1,4,'Minima earum aspernatur assumenda iusto similique.','Dolor quibusdam eius corporis dolores. Beatae sapiente et error laudantium. Atque quo doloribus dolorem. Est quia aut aut sit in.',0,'1983-01-13 19:14:33','2020-03-25 18:22:14','2021-06-08 01:36:16'),(122,4,13,'Et esse aliquid ex laboriosam praesentium ducimus accusamus.','Vel quo sed debitis quis. Quos eaque fugiat id ut voluptatem rerum. Nulla est voluptates magnam. Molestiae fuga omnis natus quaerat.',1,'1977-06-06 20:09:20','1987-02-16 22:31:42','1998-09-26 02:39:41'),(123,4,19,'Doloribus et accusamus aut nostrum aut.','Minima dolor nisi qui. Eaque totam sunt omnis optio quo dolorem blanditiis. Aliquam dolor a quia eum. Tempore voluptatem vel rerum.',1,'2006-01-22 17:53:25','2011-01-04 09:26:37','2021-10-09 13:16:43'),(124,6,14,'Veritatis ad vel nemo nesciunt.','Minus aliquam est libero. Exercitationem facilis est dolor magni. Consequatur eos sint sed ut maxime voluptates aliquam. Nihil odit eius recusandae quia et corporis.',1,'2015-04-01 08:41:53','2022-01-17 12:58:29','2023-02-09 10:32:24'),(125,8,8,'Accusantium saepe iure dolores delectus.','Veritatis ut quisquam nam dolorem molestiae. Voluptates eveniet quo vero est. Sed facere dolores voluptates eos.',0,'1999-07-24 05:48:44','2005-11-21 04:55:44','2020-02-07 23:02:22'),(126,2,8,'Totam impedit architecto voluptates velit alias sed eum.','Dolorum culpa reiciendis assumenda voluptatem voluptatum est deleniti. Deserunt mollitia qui aut in. Aut ipsam nemo voluptatem. Magnam architecto natus ad soluta.',0,'2021-03-03 17:18:21','2022-08-07 07:07:59','2023-06-02 17:38:16'),(127,6,3,'Voluptatem culpa porro temporibus.','Cum ut deserunt enim ea et illum. Vel qui sed ipsam nisi excepturi. In commodi est modi molestiae consequatur possimus. Beatae quod porro quae sunt ullam.',1,'1995-10-08 17:53:14','2016-03-29 22:23:36','2019-01-27 20:36:21'),(128,9,14,'Saepe perspiciatis corporis aliquid.','Fuga dolore culpa iusto. Qui non pariatur enim provident. Rerum molestias qui consequuntur occaecati quia saepe suscipit. Velit aspernatur quia sint maiores voluptate repellat.',0,'2005-09-03 03:27:09','2013-09-08 05:15:54','2015-08-18 09:57:44'),(129,3,11,'Corporis ut ut fuga in corrupti molestiae vero excepturi.','Atque ut inventore exercitationem velit sit reiciendis. Necessitatibus et quia qui culpa accusamus. Praesentium sint in harum repellendus nihil.',0,'2008-06-17 01:22:10','2022-12-06 08:13:38','2023-04-09 05:05:04'),(130,3,10,'Magnam explicabo maiores iure commodi exercitationem.','Aspernatur reprehenderit commodi laborum sunt blanditiis. A adipisci suscipit iste aut quo. Ad repellendus id est quo fugit.',1,'1974-05-03 05:10:20','2001-03-28 01:38:46','2016-11-07 22:32:07'),(131,8,20,'Officiis numquam officiis sequi blanditiis praesentium non.','Mollitia aut assumenda ut quo. Nihil tempora omnis et fuga. In similique similique alias culpa error quaerat fuga aut. Ipsa atque voluptas et. Quae iure quaerat et aut soluta itaque.',1,'2005-12-08 18:52:44','2011-04-19 22:24:15','2015-09-08 16:56:49'),(132,7,6,'Rerum facilis sint recusandae et dolor.','Voluptas quia ratione aperiam eum nesciunt laboriosam eaque maiores. Exercitationem laudantium in est laboriosam repudiandae laborum. Sint fuga doloribus deserunt repudiandae reprehenderit possimus.',0,'2008-06-17 04:21:47','2018-02-08 17:52:39','2022-12-16 02:42:05'),(133,7,3,'Sit quos et cum eos dolor at.','Consectetur modi ullam sunt. Ducimus dolores consequuntur ad accusantium dolore debitis nulla doloremque. Nam illum unde sed est illum libero.',1,'2001-11-16 17:47:30','2023-01-29 06:30:22','2023-03-26 14:59:41'),(134,1,12,'Eum autem velit sit optio eos laborum dolor.','Error molestiae accusamus eum dolorum unde. Ut possimus illum est consectetur et aut. Pariatur tempore dolorum fuga eveniet.',0,'1971-12-14 00:11:12','1985-06-06 06:18:58','2016-04-14 03:10:27'),(135,7,16,'Et numquam quasi atque odio.','Qui quia illum nam consectetur blanditiis illum officia. Ipsum nostrum ut adipisci culpa nihil rerum. Saepe velit sequi minima iste qui. Laboriosam veritatis sed in ut sint fugit qui enim.',1,'2023-02-01 12:56:09','2023-07-02 22:15:03','2023-08-30 11:37:32'),(136,5,7,'Voluptates est dolorem et eos quis vitae voluptas debitis.','Facere eum reprehenderit officia quia. Non dolores id illo voluptatem aliquam. Repellat atque et eveniet saepe. Voluptas dolore quia inventore aspernatur sunt sint neque.',0,'2019-09-04 07:02:19','2022-08-15 15:56:48','2023-04-19 15:21:42'),(137,8,20,'Provident sint provident est perferendis.','Quas et sed sunt tempora omnis animi. Rerum tempora dignissimos error sit laborum est. Iusto officia qui rerum.',0,'1980-03-10 00:22:55','2004-02-04 08:51:23','2020-10-09 05:10:00'),(138,5,20,'Eos saepe modi corrupti quasi natus.','Blanditiis consectetur facere eius totam. Perspiciatis asperiores eveniet praesentium. Illum consectetur assumenda fugit est tempora quos eaque. Praesentium aut ipsa deleniti sint voluptatem voluptatibus. Quia reprehenderit quod qui sapiente.',0,'1977-02-08 15:34:07','2001-04-03 00:08:36','2002-07-03 12:02:05'),(139,6,4,'Fuga beatae adipisci necessitatibus iste totam.','Atque voluptates qui sequi molestiae rerum. Accusamus aspernatur facilis vel. Eum et repellat magni earum eos modi.',1,'1990-06-02 16:41:38','2013-07-13 03:28:02','2020-06-30 14:44:57'),(140,6,8,'Repudiandae aperiam blanditiis ut inventore eos in consequatur.','Vitae omnis ducimus a facere perspiciatis. Molestias blanditiis ut cum nesciunt et possimus cum officiis. Laboriosam quis facere veritatis aut rerum. Distinctio fuga possimus rerum odio pariatur.',1,'1991-12-03 15:36:23','2001-04-27 19:09:17','2008-04-06 18:45:33'),(141,3,7,'Ut hic et consectetur ab id perspiciatis.','Ipsa natus minima aut. Iusto est sit alias eum. Non fugit dolore non suscipit ea.',1,'1984-01-29 11:25:57','2010-10-15 21:58:32','2011-10-25 22:10:07'),(142,7,3,'Saepe adipisci aperiam voluptatem culpa ex vel.','Corrupti quas in quo et voluptatibus. Delectus ab eligendi impedit expedita odio eaque. Tempora neque rerum et.',1,'2014-01-12 17:25:21','2020-07-22 07:31:21','2021-01-21 21:05:28'),(143,1,17,'Quae vel laborum rerum eligendi ut tempora assumenda reiciendis.','Incidunt reprehenderit quo magni maiores rerum. Provident vel voluptate quia veniam eligendi culpa doloribus a. Eaque voluptatem libero qui iste voluptatem tempora. Corrupti vitae dicta asperiores voluptate.',0,'2018-05-28 08:57:45','2021-11-04 21:55:46','2022-11-28 19:53:27'),(144,7,4,'Qui quasi qui minima reiciendis ex.','Voluptatem voluptatem sequi magni cum quas. Illum labore illum quisquam optio aperiam consectetur nostrum eligendi. Autem expedita architecto qui quidem eius suscipit omnis sit. Quam aut officiis corrupti incidunt.',0,'1995-07-29 16:10:13','2021-03-02 03:57:48','2021-03-07 18:08:10'),(145,4,15,'Distinctio eveniet numquam molestiae rerum repellendus quis dignissimos expedita.','Praesentium minus ipsam qui eos dignissimos molestiae porro. Iste ut quasi consequatur iste odio quidem amet. Provident aliquid aspernatur dolore blanditiis dolor tenetur tempore ipsum.',1,'1979-01-28 15:40:04','1980-08-09 11:50:27','1991-06-21 04:01:35'),(146,2,11,'Ipsa porro ducimus et hic et ratione aliquid.','At modi vitae amet est ab numquam. Omnis quod sint velit est officia ratione voluptatem. Eligendi itaque suscipit deserunt a ut voluptate est.',0,'1984-01-25 02:59:57','2019-06-08 22:46:24','2021-03-13 18:16:32'),(147,9,22,'Ab eum est quas magni.','Ipsam ipsam dolorum sit et sint quisquam. Eveniet sed excepturi hic aperiam consectetur tempora. Soluta dolor necessitatibus rem perspiciatis quas voluptatem. Ut id dolor provident eveniet natus ullam voluptas.',0,'1977-02-25 13:41:19','1986-05-02 06:07:23','1988-10-26 20:52:04'),(148,4,22,'Perferendis eum itaque amet laboriosam voluptatum aliquid facilis.','Dolorum a explicabo porro veritatis dignissimos. Amet iure eligendi expedita totam. Sint distinctio molestiae qui rem.',1,'1999-01-23 14:03:20','2015-11-04 23:34:43','2018-12-18 16:31:02'),(149,2,16,'Et numquam incidunt accusantium qui quidem aut.','Ducimus sit quasi impedit perferendis ut ea doloribus nobis. Eligendi quia accusamus qui et alias est sed. Voluptates nobis recusandae quis cumque doloremque vel natus. Facere velit occaecati ut possimus.',1,'1977-08-12 15:27:21','2010-08-01 02:43:03','2011-03-27 01:39:38'),(150,1,21,'Est in recusandae voluptatem officiis et est.','Blanditiis nulla fugiat est neque mollitia. Praesentium voluptates ab aspernatur omnis ut. Assumenda eum cum eaque et quod. Enim consequatur qui tenetur est alias quo illo.',0,'2014-02-04 21:00:50','2018-09-23 03:18:24','2021-01-13 18:03:50'),(151,5,9,'Repellat dolore eligendi unde eum sit hic qui in.','Consequatur nihil excepturi optio quidem consequatur. Aut consequatur consequatur consequuntur in veniam.',0,'1976-08-09 05:19:45','1995-06-27 22:33:38','1999-04-23 22:48:38'),(152,2,5,'Maiores necessitatibus aperiam iste deleniti harum maiores voluptas.','Qui non et maxime ipsum eum. Id ipsam a eos et nostrum voluptatem. Ea vero consequatur fuga assumenda delectus illum.',0,'1988-04-02 13:02:34','2023-01-18 13:25:09','2023-08-16 15:01:07'),(153,6,21,'Saepe pariatur nesciunt consectetur earum dignissimos numquam voluptas.','Veritatis eos similique sed provident alias. Dolorem consectetur accusamus aperiam amet vitae quasi et. Illo maxime voluptate veniam et consequuntur beatae vero.',0,'1982-04-17 06:28:31','1988-10-25 04:50:44','2001-04-05 21:06:35'),(154,9,8,'Suscipit est qui ipsa nulla esse est et.','Qui cum et quisquam recusandae velit vitae eveniet. Et est ab fuga tenetur. Officiis laborum atque assumenda non. Temporibus dolores atque laborum recusandae et perspiciatis corrupti.',1,'2006-03-25 12:01:41','2013-06-02 18:37:04','2021-02-05 16:32:30'),(155,8,22,'Fuga dolore maxime debitis.','Suscipit maxime maxime vel maxime similique. Fugiat magni quae ut. Optio illo ea blanditiis qui.',1,'2015-01-07 02:21:09','2018-04-30 10:02:09','2021-06-05 18:29:08'),(156,5,5,'Blanditiis facere soluta officia excepturi.','Doloribus aut et aliquid autem accusantium. Nisi ea et laboriosam minima. Culpa aut omnis eveniet doloribus.',0,'1973-10-01 12:31:16','1985-09-10 18:43:50','2004-02-04 06:01:53'),(157,1,6,'Repudiandae non recusandae saepe dignissimos vero ut.','Sit est odit id corporis doloribus. Libero qui ipsum reprehenderit consequatur nihil error rerum labore. Unde voluptatem necessitatibus voluptatem at magnam.',1,'2018-05-14 21:36:41','2022-04-03 00:37:17','2022-04-11 06:56:15'),(158,8,18,'Maxime hic rerum voluptas non praesentium illum iusto nemo.','Et est provident doloremque reprehenderit sunt tenetur laudantium. Maxime soluta ut ut accusantium nisi. Et sit ut voluptatem ad enim est. A officiis libero ut ipsam maiores odio.',0,'1995-04-20 23:42:01','2003-08-30 20:06:31','2007-03-09 09:09:48'),(159,6,1,'Enim vitae velit a quo explicabo.','Quo nihil consequatur quis adipisci ullam eveniet accusamus aperiam. Aut aperiam odio omnis inventore.',1,'1997-01-18 12:07:28','1997-03-24 17:23:46','2011-11-16 01:54:33'),(160,8,20,'Amet ut modi officia suscipit blanditiis eligendi.','Qui ut ad distinctio voluptas adipisci a aut. Aliquam voluptate qui dolorem consequuntur atque vel. Pariatur rem autem et delectus voluptatum officiis dolore. Quidem ullam itaque itaque repellat perspiciatis qui ab.',1,'1971-06-30 20:34:43','1991-05-27 15:33:06','1995-02-09 15:39:42'),(161,5,18,'Occaecati voluptatem et similique et optio.','Voluptas rerum cum dolorem eius dolore omnis maxime. Aliquid illo dolor quam autem eligendi voluptatum. Corrupti tempora impedit similique assumenda odit possimus rem.',1,'2003-08-02 17:42:52','2011-08-17 15:05:12','2021-09-21 17:59:49'),(162,7,16,'Dicta et laudantium accusantium beatae quod atque ex.','Sunt tenetur eaque illum et ut. Eos id voluptas ut voluptatem soluta dolor quisquam. Eos ea eaque consequuntur sit magnam quasi sed. Facilis velit ducimus ea ad inventore. Omnis dolorum rerum aut illo impedit dignissimos.',0,'1977-03-11 23:50:47','2000-10-08 16:23:33','2009-02-04 05:47:44'),(163,6,13,'Earum animi et rerum sunt praesentium.','Iure molestiae odio aut quia eos accusamus facilis. Assumenda iste facilis eos quia quibusdam quae ipsa. Ut repellendus ut ex rerum veritatis qui quia.',1,'2020-01-30 01:04:12','2022-09-07 12:41:41','2023-07-27 07:20:29'),(164,9,8,'Repellendus voluptas laboriosam eum consequatur neque velit non.','Iusto esse vero voluptatem quisquam illum quae. Sit distinctio culpa non vitae blanditiis quia iusto. Qui facilis est commodi aliquid autem aspernatur.',0,'1989-01-06 02:22:19','2002-05-11 03:42:54','2010-01-28 23:12:00'),(165,1,12,'Quaerat velit autem doloremque enim molestias cum error.','Aut repudiandae rerum sit et. Sequi esse et distinctio ut doloremque inventore. Quasi voluptate dignissimos aut ea vel pariatur non.',1,'1979-09-18 18:18:48','1986-07-06 23:47:22','2018-04-16 01:26:54'),(166,7,3,'Doloremque aut soluta architecto omnis et.','Enim eveniet ratione nam est similique pariatur aut. Sint reprehenderit odit est quisquam voluptates. Sit dolorum nihil vel eos enim vero non voluptatem. Cumque quasi ea culpa et ullam eaque a quis.',0,'2010-08-16 12:44:48','2017-01-27 07:43:07','2022-12-05 04:14:47'),(167,8,19,'Magni aliquam quam voluptatum fuga.','Error ut dolores et ut vel voluptas ut. Sunt in quia ex totam explicabo. Doloremque et repudiandae cupiditate ut. Illo facere aliquid voluptatem et libero et.',1,'1975-02-05 22:41:36','2015-01-23 21:01:12','2015-11-02 19:22:44'),(168,7,5,'Aliquid eum ea sint magnam accusamus.','Autem blanditiis id non quia corrupti ut ab. Excepturi et tenetur ab optio qui. Perspiciatis nihil sed laborum.',0,'2005-11-09 10:50:53','2009-01-20 00:26:54','2013-02-11 00:38:43'),(169,5,4,'Ad ab eum omnis inventore aut.','Non accusantium eum culpa. Necessitatibus et deserunt voluptates velit et autem. Ex est sit assumenda quae et.',1,'1978-07-29 14:07:13','1994-01-01 20:48:48','1998-03-21 08:49:28'),(170,1,12,'Dolorum maiores sint saepe eveniet pariatur est est sit.','Aut et aliquam dolorum dolor sunt labore sunt. Perferendis blanditiis voluptate ut tempora nemo. Possimus omnis sunt nemo voluptas. Sit nam quas autem veniam molestiae quibusdam possimus.',1,'2001-05-04 16:26:01','2010-08-25 01:36:31','2018-09-23 01:39:12'),(171,1,7,'Blanditiis minus dolorem consequatur sunt.','Numquam nulla incidunt voluptatem non omnis aut eum. Voluptatem est dolor error commodi ut et temporibus. Tempora similique sed cupiditate omnis doloremque alias.',0,'1978-06-07 06:40:56','2016-10-11 06:55:58','2019-07-17 13:07:07'),(172,6,22,'Quasi et vitae labore sed dolorem.','Perferendis ut dolorem voluptatem consequatur qui corporis. Hic rerum porro fugiat accusamus voluptate.',0,'2008-12-29 14:35:01','2014-05-01 10:40:25','2019-11-22 14:10:00'),(173,8,21,'Nesciunt qui fugit molestiae alias ut.','Non autem recusandae in voluptatibus. Exercitationem et molestias culpa quis eum aut. Error quis ab sit et. Quia ea harum rerum minima.',1,'2023-08-11 16:16:11','2023-08-27 07:26:57','2023-09-03 00:50:34'),(174,2,8,'Ex quod asperiores ut sed amet voluptate.','Necessitatibus reprehenderit accusantium voluptatem quos quos quis. Exercitationem sed ipsum provident hic blanditiis.',0,'1985-12-16 20:12:06','1995-04-25 23:33:26','2008-09-21 01:24:03'),(175,1,14,'Accusantium quia error aut nihil.','Cupiditate iste eligendi deleniti cum dolore. Quasi et est vitae eos. Itaque est eos veritatis quia dolorem.',1,'1992-12-02 05:47:29','2016-03-18 21:30:06','2018-01-05 18:25:30'),(176,9,3,'Blanditiis sit earum repudiandae eveniet provident nisi.','Consequatur aut labore minima et et. Perspiciatis tenetur sed cupiditate ut voluptatem corporis modi. Quis quasi suscipit amet architecto.',0,'1989-11-03 18:42:16','2009-09-22 07:53:52','2022-09-19 03:54:07'),(177,5,10,'Corrupti corrupti sed adipisci distinctio.','Molestiae enim ex ut commodi odio. Aut esse incidunt placeat suscipit error iusto ab a. Sapiente facere minus debitis odio.',0,'1981-09-03 20:55:21','1987-07-06 07:33:19','2003-03-14 10:32:49'),(178,1,14,'Aut dolorem repellat recusandae harum ea est ducimus.','Enim aut unde dolores distinctio cum sed. Aut quaerat consequatur laudantium. Sit architecto quia maxime qui itaque facere. Consequuntur eaque nemo sit numquam a culpa. Laudantium quidem incidunt ipsum aut sit et molestias.',1,'1997-10-11 07:59:30','2016-10-27 18:54:30','2021-10-19 18:39:12'),(179,6,9,'Aut sequi placeat cum quam.','Unde dolor voluptas tempore est sint. Nemo deserunt ad et. Aspernatur voluptatibus enim quia est neque.',0,'2001-05-26 23:00:59','2014-11-20 08:01:14','2018-04-04 14:41:34'),(180,8,17,'Nulla rerum eum enim ipsum autem.','Tempora ipsam deleniti minus exercitationem. Tempore velit quis quae omnis saepe omnis incidunt. Voluptatibus repellendus commodi voluptatem repellendus ducimus earum. Possimus et doloribus ad dolore.',1,'1973-04-17 23:26:19','2012-07-30 11:17:04','2016-06-14 19:21:25'),(181,7,5,'Ut nemo ipsam nemo quod.','Eveniet sunt beatae doloremque dolor. Sint inventore necessitatibus est et neque. Nostrum pariatur perferendis a a sint enim. Nobis reiciendis nulla aliquam quisquam.',0,'2012-01-04 20:53:13','2015-03-13 13:03:08','2017-04-03 20:59:10'),(182,1,16,'Itaque libero accusantium nobis nisi adipisci qui.','Blanditiis aut incidunt ut quo minima dicta saepe. Saepe repellat eaque aut et. Maiores ut atque nobis magnam magnam. Illo autem labore vel id a quibusdam dolor.',1,'2021-11-05 21:29:47','2023-07-21 05:52:35','2023-08-29 00:53:49'),(183,5,10,'Vel repellat rerum nostrum.','Enim architecto autem iste illum. Ducimus consequuntur et ipsa possimus ad iste odio. Dolorum sunt enim exercitationem quasi.',0,'2020-10-02 05:49:53','2022-12-20 12:13:36','2023-08-14 11:32:31'),(184,8,3,'Nobis itaque et qui aut rerum occaecati qui est.','Vitae et ea dolorem adipisci. Officia eligendi ipsam illo ipsam. Omnis enim et blanditiis accusantium dolorem dicta. Totam repellat consequatur sed aut perspiciatis sunt. Quasi sed iste dolorem non.',0,'1995-09-13 14:53:06','2020-01-29 03:21:01','2021-05-10 21:15:08'),(185,4,22,'Soluta omnis sit libero repellendus ut delectus in.','Sint non tempora molestiae a facilis deserunt. Adipisci dolorum ipsum perferendis dolorem. Fuga id qui similique mollitia. Omnis reprehenderit et similique quod.',0,'2009-12-21 08:27:30','2017-10-11 13:06:16','2022-03-28 20:31:07'),(186,4,8,'Maiores necessitatibus ea omnis assumenda.','Qui sapiente numquam nostrum iusto nostrum incidunt pariatur. Minus eos expedita eum sapiente est quos. Necessitatibus porro ipsa labore deleniti.',0,'1972-04-28 15:53:22','2012-11-18 17:21:45','2014-07-26 12:16:19'),(187,4,2,'Velit et aut quis adipisci distinctio.','Quo magni tenetur qui. Error et fugiat illum accusamus odit. Voluptatem veniam nesciunt natus. Sit sint in dignissimos quam.',0,'2016-12-24 13:26:47','2017-05-26 19:01:48','2019-08-31 12:01:41'),(188,5,9,'Quos numquam eaque omnis blanditiis aut.','Aut quia omnis accusamus nostrum nobis vel dolores distinctio. Sequi voluptatum sed et sed quis aperiam. Molestiae rerum odit consequatur corporis quae dolore modi.',1,'2012-12-08 10:38:42','2017-04-21 05:22:29','2020-07-25 20:40:56'),(189,3,19,'Et voluptatem possimus sed provident in ex sit.','Laudantium qui est ab nam iste tenetur voluptas. Eos modi velit neque et. Culpa et asperiores officia et illo non.',0,'1980-07-14 14:04:05','1992-06-22 05:58:36','2020-03-15 21:29:57'),(190,9,17,'Consequatur perferendis facere neque nostrum voluptates inventore.','Itaque aspernatur facilis et explicabo quisquam magni molestiae. Qui ratione molestiae rem sed officia et et. Dolor earum ipsam quia. Illo iure dolorem quaerat ex neque.',1,'1984-04-17 22:03:47','1988-07-30 18:49:37','2000-12-05 08:54:30'),(191,8,21,'Impedit voluptatem fugiat aut vel.','Alias et consequuntur aut minima expedita. Minus ullam animi sed velit totam.',1,'1995-08-16 16:47:22','2019-01-25 22:39:04','2019-05-17 13:12:34'),(192,9,16,'Commodi quo mollitia tempore veniam.','Consequuntur reiciendis modi expedita. Esse dolores eligendi aut est et non. Qui ea consectetur voluptas.',1,'2003-08-12 22:04:57','2019-09-13 16:15:47','2020-05-03 22:04:04'),(193,9,6,'Atque nihil praesentium qui.','Illum quasi libero qui doloremque nemo pariatur et culpa. Corrupti veritatis ea quam voluptatum et et aut. Ut rem id alias iure est magnam qui. Consequatur architecto cupiditate sint fuga omnis aut deleniti assumenda.',0,'2008-09-05 03:49:59','2020-12-13 17:15:06','2023-07-24 07:23:40'),(194,6,12,'Odio labore harum quibusdam est at distinctio qui.','Sit iure explicabo occaecati consequatur omnis similique. Aut cupiditate labore repellendus beatae mollitia architecto expedita suscipit. Mollitia et consequuntur commodi consequatur dolorem. Magni architecto error quam quo consequuntur id repudiandae. Dolorem provident est quibusdam sunt quasi.',0,'1973-04-02 03:44:34','2014-02-15 12:29:03','2017-02-14 02:30:20'),(195,4,21,'Fuga fugiat ut aut deleniti cum dignissimos.','Harum provident ea voluptas tenetur officiis. Libero et dolorum quo ut earum aut accusantium fuga.',0,'1991-12-20 10:24:14','2005-04-15 14:08:02','2006-06-15 22:36:02'),(196,3,4,'Fugit et non eum ut.','Aut dignissimos iste explicabo autem sit quo ut. Sed rerum ea suscipit reiciendis. Et deserunt aut amet iste voluptatem autem.',0,'1976-04-14 12:38:45','2002-07-19 20:37:52','2006-10-15 12:59:52'),(197,6,13,'Asperiores non error et qui repudiandae quia.','Quaerat est adipisci soluta id necessitatibus ex ea. Eum vero qui laborum ab quidem. Velit saepe sit aliquam quo sed. Harum aut provident cum et.',1,'1977-10-26 16:05:39','2003-12-24 18:37:21','2020-11-03 18:35:08'),(198,8,18,'Autem eveniet harum unde voluptatibus distinctio sequi.','Cum rem alias non possimus dolorem ducimus. Magnam ea id eum autem odio. Asperiores quibusdam quo modi fugit corrupti reiciendis.',1,'2012-05-18 04:58:44','2014-11-24 09:41:49','2016-08-31 04:56:55'),(199,3,20,'Dolorem ea voluptate et.','Et nemo velit nostrum sint vitae. Eveniet doloremque velit quidem nulla quaerat. Consequuntur numquam cupiditate quae mollitia perspiciatis doloremque nesciunt. Beatae facilis eaque qui quas eveniet nam.',0,'2020-01-07 22:02:06','2020-02-01 12:27:09','2020-02-19 10:53:17'),(200,8,2,'Nostrum qui velit consequatur enim illum.','Ut aliquid aspernatur facilis ipsum. Dolores cumque consequatur ipsam qui.',1,'2010-02-18 21:13:07','2015-06-16 20:40:36','2022-07-13 15:49:03'),(201,2,13,'Vitae laboriosam quasi est quis aut nobis.','Vitae debitis voluptates ut aut tempora mollitia. Autem delectus id quia blanditiis totam voluptatibus vitae sit. Adipisci quis eaque deleniti quia autem.',1,'1971-10-17 10:14:09','2017-04-13 03:14:21','2023-07-25 15:12:00'),(202,7,2,'Eveniet qui aliquid illo omnis dignissimos quidem temporibus.','Dolorem harum veniam necessitatibus alias illo. Necessitatibus voluptas nihil molestiae delectus officia. Et voluptate incidunt voluptatem ut sequi veniam rerum.',0,'1976-03-20 23:05:58','2016-03-03 20:26:18','2020-11-17 01:10:59'),(203,7,5,'Eius et labore doloribus quis rerum.','Consequatur in voluptatibus quod earum illum animi. Laboriosam odio reiciendis fugiat. Sint laborum doloribus itaque nemo. Consequuntur et corporis explicabo dolorem quam possimus ipsa ab.',0,'2004-11-21 23:34:50','2022-06-05 01:15:44','2023-03-09 15:56:14'),(204,9,8,'Explicabo id inventore aliquam.','Voluptatem praesentium accusamus ut dignissimos. Corporis incidunt ut ad sint quia iusto est. Iure perspiciatis incidunt libero assumenda sed.',1,'1992-02-18 21:39:48','2000-10-19 08:19:48','2012-03-08 11:09:41'),(205,8,9,'Laboriosam vel eveniet ipsa esse ad.','Itaque non ipsa quo quaerat harum quidem sed. Aut debitis et sint. Alias eius repudiandae cumque aspernatur non a. Ut quas mollitia non.',1,'2015-07-31 03:57:01','2023-02-14 16:29:46','2023-09-01 20:09:35'),(206,7,5,'Voluptatem minima eos est atque laborum qui optio.','Dolore voluptatem minima nam maxime ipsa vitae distinctio. A voluptatem provident fugiat sequi vitae. Cumque et vitae at et inventore ut recusandae.',1,'2018-01-07 10:00:09','2020-01-11 14:29:14','2022-07-22 09:58:09'),(207,9,4,'Sed ipsum facere aut dignissimos qui fugiat quisquam voluptas.','Ut blanditiis ut molestiae. Aliquid praesentium pariatur vero inventore quae rerum.',1,'1977-09-02 02:30:41','1999-04-22 17:21:07','2018-12-21 08:50:26'),(208,9,1,'Quasi optio omnis harum dolorem veniam non qui et.','Autem doloremque aliquid voluptates quis. Non possimus nisi eos quod velit consectetur. Quidem placeat eos quas debitis.',1,'1990-05-02 06:32:32','2019-04-01 06:51:47','2019-07-31 21:52:00'),(209,7,2,'Et atque sed provident dolor assumenda hic eveniet.','Est nihil omnis perspiciatis eum et. Consequatur tempore maiores qui quia nihil magnam. Atque et qui quia excepturi voluptas illum voluptates. Qui quis numquam repudiandae vitae ut.',1,'1980-09-19 13:35:08','1991-07-12 23:10:47','2014-02-09 05:20:13'),(210,3,19,'Corrupti facilis eum consequatur dolorem.','Nesciunt et blanditiis enim ut. Aut ea et quia modi recusandae eligendi.',1,'1974-01-02 00:30:30','1987-07-07 01:21:22','2017-07-31 14:48:52'),(211,1,5,'Earum libero voluptas nisi sed.','Modi magni suscipit quo veniam. Voluptas assumenda deserunt id beatae sit quia accusamus.',1,'1970-02-23 03:12:38','2021-11-08 08:57:18','2023-01-08 20:28:08'),(212,4,11,'Dolorem est aut et natus aliquid eveniet saepe molestiae.','Illum nihil voluptas fugiat laudantium fugiat beatae vero. Nam numquam quia numquam quaerat. Voluptate laborum aut aut laboriosam.',1,'1978-04-03 00:17:25','2001-03-19 21:46:32','2019-12-29 11:45:18'),(213,3,6,'Et ut qui consequatur dolores rerum qui autem.','Vitae autem sunt itaque consequatur quam saepe accusamus. Ex sunt deserunt ut nesciunt.',0,'1975-02-15 08:44:32','1990-07-13 04:03:01','2005-05-13 01:07:46'),(214,4,4,'Ad sunt dolor illum facilis.','Voluptas omnis et cumque consequuntur. Illum at quibusdam eveniet vitae.',0,'2012-03-05 02:43:51','2022-05-08 18:56:25','2023-04-14 19:04:27'),(215,5,13,'Aut perferendis delectus cumque quia.','Et saepe vel ut corporis et hic nemo. Sit quia autem ipsam est et voluptates aliquam. Dolorem labore natus consequatur autem doloremque.',1,'1988-01-25 04:12:50','1990-02-21 17:53:00','2015-11-10 16:52:12'),(216,1,6,'Sit neque rerum debitis deserunt.','Ducimus iure sequi aliquam dolore amet. Nemo sapiente dolores est dolorem ea vel. Voluptatem debitis ut ipsum voluptatem enim similique.',1,'1999-05-11 02:23:28','2012-01-24 03:29:23','2021-12-10 21:59:34'),(217,6,22,'Adipisci et assumenda dignissimos.','Aliquam ut et similique et dolore. Dolorem optio doloribus voluptas et consectetur impedit repudiandae. Sed voluptas dolores ut molestiae.',1,'2004-11-07 14:35:57','2021-03-03 08:48:24','2023-01-06 11:50:15'),(218,5,5,'Aut laborum aut rerum in ut voluptas.','Tempore sunt consequuntur cupiditate et iure optio illo. Excepturi eos sit molestiae aut. Architecto dicta voluptatem ut suscipit optio. Voluptatem atque non quam nemo modi.',0,'1980-05-01 02:57:36','2012-10-21 20:02:51','2015-10-07 10:25:22'),(219,2,2,'Sapiente aperiam et quo eum distinctio corporis.','Blanditiis soluta aliquid earum nostrum. Reprehenderit officia facilis in dicta est quo nobis. Sunt ut natus nulla fugiat voluptatem molestiae possimus. Aut est qui ducimus iure excepturi consequatur non dolor.',0,'1985-05-01 00:07:08','2010-04-14 00:39:02','2016-02-15 01:45:03'),(220,1,22,'Porro recusandae cupiditate accusantium.','Iste sed voluptatibus voluptatem voluptas beatae et. Iste aspernatur iusto quia consequatur ut dolores quidem. Eius molestiae et ab voluptas.',0,'1971-11-03 21:33:29','1978-02-02 15:34:17','2021-11-03 04:57:53'),(221,1,17,'At eius ex asperiores aliquam est vero veniam.','Asperiores necessitatibus molestiae aliquid magnam. Aut dolorem et quo veritatis vitae. Sunt itaque tenetur dolorem voluptate. Dolore consequatur quidem voluptatem dolores.',0,'2014-09-23 10:22:26','2015-01-26 00:30:33','2017-06-14 20:33:46'),(222,1,10,'Asperiores iusto impedit magni non illo.','Ut necessitatibus sit corrupti sit quasi velit. Adipisci eius aut commodi veniam illo. Tempore in qui consequatur dolorem molestiae. Et in et sint.',1,'1989-02-09 14:49:38','2021-04-13 19:16:24','2022-12-11 13:51:48'),(223,2,6,'Cumque ratione quia est esse et provident sapiente.','Nobis incidunt est iure quia a vel. Omnis nulla eligendi totam delectus. Aut veritatis dignissimos suscipit ea.',0,'2004-06-03 07:21:02','2013-07-01 15:56:40','2014-03-06 17:21:10'),(224,1,1,'Molestias quam soluta consequuntur tenetur incidunt enim.','Eius perferendis enim commodi fugit rerum. Cum facere sint sed ut. Dolores repellendus eius qui facere possimus quis doloremque. Perferendis beatae sit sed et suscipit repellat. Consequuntur sit qui sit molestiae est.',1,'2013-12-11 09:11:22','2015-11-20 23:34:59','2019-12-30 03:50:37'),(225,9,20,'Perspiciatis fugiat inventore eos facilis blanditiis nam sunt.','Facere rerum aut quia repellendus perferendis aut. Fuga quo nostrum et atque. Suscipit recusandae assumenda alias.',1,'2005-05-23 00:45:26','2023-04-28 16:08:17','2023-07-05 16:35:15'),(226,8,17,'Qui ut sunt et quod.','Aut qui id et odio quis et. Voluptas quia aut ratione incidunt suscipit. Aliquam dicta omnis quo facilis delectus assumenda id. Eos reiciendis aut et beatae.',0,'2001-07-21 06:29:33','2019-01-11 20:14:30','2021-04-30 02:03:55'),(227,5,19,'Possimus qui provident et illum iste animi.','Earum minima quam dignissimos eum perferendis consectetur aliquam. Voluptas blanditiis quam necessitatibus perspiciatis quia magnam et. Blanditiis aut nemo facilis quis ullam vitae blanditiis. Quaerat nemo placeat iste ratione occaecati quibusdam voluptatibus.',0,'1986-08-05 06:14:09','1993-10-09 09:43:24','2001-07-02 00:15:36'),(228,1,13,'Ut ratione quas qui fugit explicabo assumenda.','Eligendi est soluta ut corrupti earum tenetur necessitatibus. Suscipit sint cum ipsum sapiente voluptatem labore rem. Incidunt sint corporis qui mollitia unde omnis ea.',0,'2002-04-13 01:43:43','2013-06-26 23:39:13','2021-02-28 02:48:31'),(229,4,12,'Laboriosam et sint consequatur voluptatem ea iusto labore.','Illum eum distinctio quasi labore non ducimus. Dolores ab quaerat vel. Quia cum esse maiores dolore expedita.',1,'1993-01-12 19:21:16','2021-02-11 12:09:08','2021-09-12 12:15:46'),(230,6,18,'Dolores reiciendis a ullam recusandae et.','Accusantium rerum ea quam doloribus qui et qui. Distinctio eveniet possimus ab. Quia est illo id et minima facilis.',0,'1972-08-28 16:17:01','2003-02-04 16:50:28','2023-07-12 20:00:36'),(231,3,13,'Quisquam temporibus eius et.','Aut iste optio dolor cum incidunt. Sint voluptatem quod magni laudantium. Est sunt non sed alias dolor saepe. In consectetur nesciunt natus quisquam.',0,'2022-01-21 22:36:41','2023-06-17 05:41:02','2023-08-05 19:38:07'),(232,9,2,'Earum voluptas doloremque magnam harum.','Ea aperiam delectus in nam sit mollitia nihil. Enim aut ut sequi dolorum asperiores enim odio. Recusandae explicabo ea et enim. Ut fugit earum occaecati non. Reprehenderit deserunt qui et ipsum eaque.',1,'1979-08-03 15:46:35','2001-01-17 11:23:07','2001-09-25 05:18:32'),(233,7,22,'Minima quas facere reprehenderit laudantium tempore aut dolores.','Aliquid similique optio quia. Sit eos consequuntur est non veritatis rerum et. Qui dolores deserunt consequatur quo id quae iure. Ipsum et numquam ut illo cumque at.',1,'1974-09-14 06:28:14','1975-01-10 19:48:44','1984-10-04 15:12:31'),(234,3,12,'Accusantium adipisci et consequatur eum.','Labore voluptates ut beatae animi nam iure id. Aspernatur esse beatae et perferendis animi. Minus a voluptates dolor et sed.',0,'1991-01-09 17:45:35','2000-05-18 11:38:27','2007-02-24 03:44:40'),(235,5,18,'Culpa repellat qui nulla natus occaecati id sit nobis.','Fuga totam ut in animi. Autem tenetur dolore fugit rem. Dignissimos perspiciatis reiciendis molestiae et cupiditate autem.',0,'2020-01-12 22:35:42','2020-07-11 15:57:05','2021-01-25 03:43:20'),(236,8,15,'Minus illum recusandae quasi tempore placeat.','Consequatur perspiciatis commodi quam hic. Et exercitationem tenetur molestiae aut ratione aut. Temporibus qui omnis reprehenderit vel sequi consequatur. Quia ullam voluptatem iste quia nisi magnam reprehenderit. Sed laborum voluptatum blanditiis qui velit.',0,'2010-10-20 03:30:40','2019-12-10 04:08:19','2020-07-22 10:16:00'),(237,8,13,'Harum animi aut ut reiciendis dolore cumque non.','Porro sunt velit doloribus autem. Non et iste harum quia. Ut iusto vitae expedita perspiciatis facere harum.',1,'1981-07-12 05:13:01','1997-02-22 03:31:24','2014-08-15 17:32:27'),(238,5,4,'Inventore dolor cupiditate consequuntur in est.','Unde rerum officiis repellendus molestiae. Impedit sint sit voluptas assumenda. Consectetur perferendis perferendis a soluta. Et recusandae odit odio.',0,'2002-10-11 17:42:53','2022-10-10 20:57:59','2023-02-09 07:23:25'),(239,7,22,'Nesciunt voluptatem veniam quibusdam delectus porro vel et rerum.','Aliquid ipsa deserunt ut vitae delectus ut ab. Quia qui placeat quo nulla. Neque consequuntur exercitationem qui dignissimos velit aperiam sit. Quasi qui enim natus et dicta.',1,'2015-04-12 07:43:02','2022-06-06 22:40:10','2022-12-10 11:55:04'),(240,9,7,'Provident beatae labore et vel quia est aut.','Sapiente voluptas et veniam in facere. Et distinctio est aut exercitationem officiis eaque. Est aut placeat quia deleniti esse consequatur. Occaecati est tenetur ut tempore reprehenderit voluptates. Et dolores itaque quisquam in qui.',1,'2020-04-08 12:06:39','2021-08-20 17:51:43','2023-07-26 21:10:04'),(241,6,18,'Repudiandae sed corporis cumque sit.','Debitis alias harum molestiae nam rerum. Hic modi debitis quia blanditiis voluptas.',1,'1986-10-17 08:14:26','1999-09-08 22:33:33','2003-05-28 11:58:04'),(242,4,19,'Est id non itaque inventore quis qui cupiditate.','Repellendus quidem quae qui nesciunt tempora. Tempore aut nostrum quibusdam unde enim hic. Suscipit sint aut explicabo ea deleniti ipsam voluptate nesciunt. Magnam qui enim repellat quia architecto facilis corporis.',0,'2001-08-23 04:43:57','2023-07-14 02:11:10','2023-08-15 01:25:52'),(243,4,11,'Molestiae laudantium et corrupti dolorum ipsam consectetur deleniti.','Aut quia rerum quo voluptatibus natus velit. Laborum id eaque exercitationem. In enim dolorum necessitatibus consequatur debitis nesciunt voluptatem ut. Non hic qui possimus sed quidem. Maiores est dolorem praesentium ad.',0,'2015-03-02 23:42:38','2017-04-04 04:53:50','2018-09-30 09:46:21'),(244,2,18,'Voluptas maiores iure ab dolor.','Et sed mollitia molestiae vel. Aut earum est ut magni placeat. Aliquid in eum nesciunt quia. Doloremque quis est enim voluptatem sit itaque delectus.',0,'2017-09-21 16:18:00','2017-12-09 08:14:41','2020-04-24 11:55:39'),(245,4,12,'Est rerum quis quis omnis est sed quaerat.','Est quam ad deserunt voluptate impedit explicabo sunt. Explicabo suscipit voluptas cupiditate. Ut esse molestias dolorem dolorem aut.',0,'1974-09-29 02:29:03','2004-09-10 19:40:17','2004-10-16 03:11:28'),(246,2,6,'Dolore quam hic dignissimos voluptate aut dolorem.','Tempore earum quaerat non dolore sapiente et. Repellat repudiandae qui et neque. Dicta quo voluptate molestias rerum et aut. Velit saepe corporis voluptatem itaque omnis rerum.',0,'2014-05-31 04:37:50','2023-05-20 14:47:39','2023-06-18 09:48:26'),(247,9,21,'Voluptatem voluptas dicta nihil ut dolorem veritatis quia.','Ipsam consequatur in aperiam ut. Quia iste incidunt ea debitis aliquam. Dignissimos et quas eveniet inventore officiis enim optio. Dolor doloribus dolore qui voluptas dolor non.',1,'1994-04-09 10:58:29','2022-10-21 18:18:21','2022-12-01 21:31:52'),(248,7,11,'Deleniti voluptatem consequatur tenetur voluptatem architecto.','Repellendus dolorem quam et doloremque nulla consectetur. Beatae illo laudantium quia aperiam cumque ex. Aspernatur ipsum velit recusandae facilis rem. Qui placeat exercitationem voluptatem amet et sed nemo.',1,'1975-05-11 06:11:39','2002-03-19 10:14:05','2019-07-11 01:58:02'),(249,7,19,'Quia eveniet explicabo voluptate voluptatum sunt temporibus ducimus consequuntur.','Qui officia voluptatem ipsam qui quibusdam corporis. Doloribus in repudiandae ducimus voluptates vel. Aut vel laudantium dolor et rem voluptatibus autem. Magni cum magni dolorum consequuntur.',0,'1981-04-26 00:50:46','1993-09-07 11:27:39','1994-02-14 08:04:25'),(250,3,7,'Rerum harum in voluptatum iure eos.','Sapiente et et itaque possimus praesentium voluptatem. Omnis molestias doloremque reprehenderit atque odit et consequatur. Dolorum enim ducimus quo ipsa dolorem.',0,'1992-10-05 10:19:21','2011-03-07 23:34:59','2013-09-28 02:17:43'),(251,3,6,'Sapiente placeat nulla omnis maiores laudantium.','Perferendis reiciendis dolorem ut saepe cupiditate voluptatem. Velit et dicta et quia. Et explicabo recusandae qui unde. Ratione sequi quo corrupti iure quos veniam consequatur.',0,'1971-02-01 22:33:29','2017-08-17 07:40:18','2020-02-20 18:23:28'),(252,9,8,'Unde voluptatem eos ipsum.','Enim et sed nam libero ducimus iure et. Tempora facilis nam vel aut. Rerum pariatur vero in.',1,'2015-03-01 00:52:45','2021-12-29 19:13:03','2022-09-20 10:35:13'),(253,8,14,'Est ab maiores porro.','Quo neque quia doloribus consequuntur doloremque molestiae magnam quibusdam. Qui expedita itaque possimus. Modi labore esse magni aliquid.',0,'1979-02-09 18:29:02','1992-05-13 17:33:48','2018-09-30 01:40:49'),(254,9,8,'Cumque nostrum animi sint saepe.','Ad nesciunt enim cumque deserunt voluptatibus saepe maiores. Consequatur libero officia minima ut. Odio consequatur sed doloribus eveniet et sint nobis voluptatem.',1,'1996-10-12 08:43:21','2021-12-23 13:50:47','2022-05-31 19:17:27'),(255,1,2,'Accusantium unde hic aspernatur voluptas.','Consectetur pariatur dolores est. Et tempore nihil iure ipsum. Et dolor temporibus quasi quibusdam. Porro dolor debitis maiores reiciendis animi voluptas.',0,'2022-06-06 04:30:41','2022-07-03 02:03:36','2022-11-06 20:43:44'),(256,7,12,'Repellendus occaecati quaerat ex culpa quia et.','Praesentium voluptatem et ipsam omnis sunt doloribus corrupti quam. Et laborum eum aut. Alias ut omnis aut.',0,'2002-02-20 19:50:41','2011-10-27 21:29:13','2014-05-25 00:25:10'),(257,9,6,'Et aut aut placeat aut placeat accusamus porro.','Consectetur autem voluptatem perspiciatis voluptas voluptatem. Quam repellendus ad est. Quas deserunt facere est et molestias harum.',1,'1986-11-27 11:06:10','2014-04-15 00:43:53','2014-12-29 04:08:31'),(258,8,19,'Beatae quam incidunt assumenda et aliquid ut amet.','Esse laboriosam qui voluptatem veniam aut nisi voluptate quisquam. Ullam rerum sed et possimus.',1,'1988-03-30 18:30:13','2015-11-01 19:24:13','2022-08-27 17:24:03'),(259,6,11,'Magnam odio vel omnis sunt quo sint.','Voluptatum dicta tempore et aut ipsam doloribus. Qui est eligendi nihil et officia. Omnis nihil nisi doloribus atque expedita est qui sunt. Atque repellat quia quis eligendi nihil voluptatem saepe consequatur.',0,'2009-05-05 17:53:15','2022-02-27 09:32:44','2022-04-29 22:17:47'),(260,1,6,'Iste quia nisi quibusdam quae ab.','Id quis natus voluptatem officiis laboriosam quod. Corrupti eum labore molestiae quam aut adipisci vitae voluptas. Deleniti exercitationem ad corrupti ipsa ducimus. Porro voluptatem doloremque voluptatibus et eveniet quo.',0,'1994-01-06 03:29:15','2007-02-08 00:38:03','2017-01-23 23:15:50'),(261,2,13,'Molestiae est praesentium incidunt at atque est.','Facere sit enim ut et quae possimus adipisci. Recusandae fugit aut itaque. Omnis debitis nostrum placeat voluptatum. Culpa ex quis tenetur corporis ea aut ut.',1,'1976-09-24 09:14:19','1992-01-04 10:07:35','2002-06-01 14:49:52'),(262,5,4,'Quam qui error cum quo autem.','Esse aliquam rem recusandae aut nihil. Nostrum ex voluptatibus soluta eos beatae eos harum. Et hic labore nisi tempora sunt cupiditate delectus. Qui aperiam excepturi magni quos nam porro.',0,'1985-09-04 21:02:27','1988-09-28 06:31:17','1999-03-27 17:17:40'),(263,3,6,'Fuga quibusdam quod est ab.','Temporibus expedita ducimus labore et corporis officiis quis. Nesciunt odit laboriosam aperiam ullam iusto enim sit. Consectetur cupiditate magni odit quas consequatur. In pariatur deserunt sed dolores.',1,'1980-02-11 07:15:19','1996-08-12 17:27:18','2001-11-12 09:21:30'),(264,1,20,'Ea iure temporibus excepturi voluptatem aut necessitatibus eos ea.','Commodi non quia ab maxime. Commodi eveniet laboriosam officia ullam sed. Esse blanditiis error vel occaecati ut modi libero.',1,'2003-11-03 08:11:37','2017-01-08 01:02:11','2018-08-19 01:10:17'),(265,2,19,'Incidunt qui qui illo cum perferendis.','Architecto porro illo quis quos repellat rerum molestias. Iste laborum libero aut et dicta.',0,'2015-05-09 23:39:11','2015-07-12 14:58:27','2022-08-02 16:05:48'),(266,6,19,'Saepe eum officiis eius aspernatur autem voluptate et.','Necessitatibus incidunt alias qui omnis aut. Tempore rerum quae aut quo accusantium doloribus vitae. Quae quaerat suscipit culpa qui. Harum voluptatem ipsa incidunt blanditiis et ut recusandae.',1,'1988-06-02 21:52:55','2009-09-08 02:55:05','2022-11-19 08:08:26'),(267,7,12,'Quia nesciunt consequatur vel rem aut.','Nihil et et consequatur voluptatem quia. Sed rerum voluptatem eveniet eligendi delectus magni iusto. Dolorem non labore excepturi ipsa.',1,'1995-02-22 22:54:10','2012-12-20 06:05:20','2017-10-01 14:18:45'),(268,6,9,'Itaque quasi nisi rerum quos.','Vero delectus assumenda cum asperiores corrupti. Cum ut vero sunt autem. Magnam enim ut repudiandae perferendis similique ex.',0,'2004-01-09 18:11:35','2004-03-23 08:32:39','2014-03-11 00:43:21'),(269,4,4,'Ut earum cupiditate quos magni quod alias.','Omnis veritatis et sed modi sunt enim. Eum excepturi qui sit aut eveniet. Tempore tempora nulla amet ut veniam voluptatem nulla. Non rerum neque incidunt assumenda id libero qui.',1,'1992-07-20 07:31:45','1999-07-26 17:38:16','2001-04-26 05:27:59'),(270,8,11,'Voluptas deserunt modi ut sequi vitae quia ut ut.','Ratione deleniti blanditiis qui nostrum. Ratione molestiae vel dicta modi non ut. Temporibus officia ipsum quidem et. Beatae deleniti dolores inventore ab.',0,'2015-11-14 23:37:34','2021-01-26 21:44:32','2021-07-09 03:38:07'),(271,6,15,'Qui a error corporis sunt fugiat nihil.','Soluta dignissimos voluptatem dolorum nesciunt. Suscipit earum aliquam ut vel fugit possimus. Et commodi ad ea et.',1,'1972-08-23 18:21:12','1974-07-10 10:54:19','2009-06-12 22:30:35'),(272,3,9,'Hic possimus provident est aut.','Error nisi facere laborum omnis qui. Magni minima dolores voluptatem. Laudantium adipisci omnis ipsam voluptas natus doloribus.',1,'1995-03-30 08:33:24','2015-12-22 22:41:10','2022-03-03 11:57:35'),(273,1,10,'Suscipit quam ex animi distinctio sunt.','Quia ducimus dolorum maxime sunt. Sunt est natus necessitatibus blanditiis aspernatur et. Voluptatem sed sunt et odio incidunt non natus. Enim nostrum dolorum iure quod sit minima.',1,'2014-04-08 07:51:52','2022-02-23 17:18:54','2022-09-16 22:45:33'),(274,6,12,'Veniam velit autem itaque ut saepe nemo.','Laudantium eius voluptas molestiae aut explicabo ab aut. Eum facilis libero nisi qui sed. Aut corrupti esse similique ipsam labore. Animi repellendus possimus et facilis voluptatem architecto et. Fugiat aut fuga sit quia.',1,'1994-11-28 14:08:13','2023-03-08 17:58:18','2023-06-26 19:47:00'),(275,2,3,'Qui doloribus illo rerum et veniam vitae quae incidunt.','Eos fugiat maxime suscipit cupiditate atque hic tempore. Labore dicta mollitia voluptatem deserunt nihil dicta adipisci. Deleniti eos ullam qui cupiditate expedita vero. Sunt praesentium iste quisquam repellat autem.',1,'1985-12-07 03:03:51','2011-04-16 23:48:04','2011-12-09 11:23:52'),(276,7,12,'Dolorem sequi magni officia occaecati molestiae.','Nostrum beatae optio eos beatae quasi ut rem. Qui atque doloribus tempora. Et natus et sed aspernatur ex quia. Nisi error quia aut totam vel.',0,'1988-09-19 11:33:45','2010-01-24 19:46:13','2014-12-05 01:32:21'),(277,8,16,'Sed quia vero vero alias id dolor earum.','Cumque recusandae aut aut illo iure. Dolorem nemo amet quibusdam reprehenderit ea ut et unde. Aut aut iste iure eos aut beatae vitae. Cum esse beatae voluptas tenetur nam.',1,'1989-11-23 07:50:50','1990-07-31 08:52:50','2013-05-08 12:43:49'),(278,1,4,'Omnis qui in voluptatem dolore.','Itaque illum officiis quasi enim et officiis. Ut sed atque aut minus at dolore debitis.',1,'1974-12-08 22:59:52','1995-12-04 14:22:49','1997-01-08 10:40:47'),(279,2,12,'Quam enim accusantium sit voluptas sint deserunt.','Vel facere quia reiciendis odio temporibus quia optio. Quia illo voluptas facere maxime voluptatem veniam quis. Eum hic sed nobis perspiciatis.',1,'2009-09-04 07:44:45','2009-10-11 19:19:47','2013-04-28 15:37:40'),(280,9,3,'Sint mollitia est deserunt libero sapiente.','Molestiae tempore asperiores animi. Praesentium in fugiat alias ipsum praesentium ut voluptate beatae.',1,'2019-04-03 09:32:49','2021-09-17 05:23:53','2021-11-25 17:15:17'),(281,7,8,'Voluptatem error qui quia cumque.','Molestiae aut assumenda sit quod repellendus exercitationem dolores repellat. Eum soluta aut aut recusandae. Cumque sit doloribus dolorum asperiores eos cupiditate. Pariatur eum enim itaque laboriosam.',0,'2010-03-22 18:48:31','2013-09-25 03:01:42','2015-12-12 02:58:41'),(282,6,14,'Inventore aut ullam quia aut qui quos perferendis.','Ut dolores molestiae corporis ipsa doloremque. Dolorum sapiente aut ut perferendis sunt quia. Libero vel rem vitae nisi. Enim natus rerum enim quo aliquam fuga. Unde quasi rerum inventore dicta.',0,'2021-04-28 02:01:03','2022-10-07 06:49:16','2022-10-29 22:20:12'),(283,7,19,'Eveniet quia est omnis doloremque fugit nesciunt.','Quis sit et doloribus debitis. Expedita quos eveniet quis. Voluptatem eum temporibus laudantium qui sed consequuntur voluptatem inventore.',1,'2004-08-24 04:03:51','2018-04-03 07:51:45','2022-09-03 02:21:21'),(284,2,16,'Aperiam est et totam mollitia omnis.','Voluptatibus dolorem voluptas impedit dolores in doloremque. Possimus accusamus et autem eveniet et recusandae. Eum aut corrupti quo illo velit est. Quo ipsam sit fugiat id.',1,'1999-12-24 04:00:49','2020-07-13 15:16:08','2022-06-11 06:12:35'),(285,9,7,'Placeat veritatis sit molestiae at.','Sed vel pariatur adipisci deleniti quae. Cumque qui qui rerum sit et. Ad aut eligendi dolore quis qui. Debitis occaecati eligendi unde totam.',1,'2006-12-21 23:39:20','2021-03-25 03:06:27','2023-04-06 01:59:39'),(286,1,12,'Illum impedit laborum et.','Unde libero aut minus ipsam assumenda. Repellendus sunt exercitationem delectus architecto expedita. Rerum itaque et laboriosam et est id. Voluptatem harum labore molestiae expedita et et sapiente.',1,'1986-06-09 18:49:31','2014-05-20 07:45:33','2021-02-19 02:37:40'),(287,9,4,'Odio quia eligendi fugiat.','Quas iusto saepe officiis molestias dolores quis sit. Et qui accusantium totam consequatur rerum porro tempora. Ut odit quia quaerat accusamus quod nemo iste a. Ipsa aperiam fuga pariatur sint quia voluptatem. Dicta ut vitae corrupti in.',0,'2023-07-24 01:01:07','2023-08-14 11:44:16','2023-09-02 15:22:34'),(288,8,15,'Et sunt vel vel totam perspiciatis ut eius quidem.','Perspiciatis esse est quis eius. Molestias qui reiciendis fugiat qui. Voluptate iusto voluptas laborum aliquam. Laudantium dolorum voluptatem qui ad repellat. Molestiae autem eum sed facere iste.',1,'1999-03-22 14:42:05','2002-05-31 11:19:09','2014-09-17 08:47:52'),(289,7,14,'Sit omnis impedit dicta dolores qui nihil.','Sed veritatis eos eos est veniam doloremque officiis. Sit dolores tempore nobis deserunt assumenda ipsum vel. Eaque porro et qui. Tenetur minus qui sapiente neque quas.',1,'2004-10-28 19:54:42','2018-02-25 15:55:29','2021-11-23 00:48:57'),(290,7,8,'Delectus eum dolorem nulla sunt ut.','Ut mollitia eligendi amet provident. Cum quasi quia laudantium eos modi velit. Enim ut expedita id voluptatem doloribus vero.',0,'2004-03-21 17:03:02','2017-05-29 06:08:26','2021-10-16 11:14:58'),(291,5,6,'Et mollitia quibusdam nulla velit eum neque.','Tenetur vero dolorem ut. Facilis tempora harum aut mollitia veniam quidem. Exercitationem sint dolor enim vel laboriosam.',1,'1989-02-24 16:34:27','2007-08-25 04:04:36','2014-10-30 22:07:09'),(292,6,16,'Optio et qui ut odit.','Est qui aut vel alias itaque pariatur. Labore veniam neque cupiditate occaecati. Voluptate natus accusantium optio et error. Asperiores voluptatem ab nostrum consectetur.',1,'1972-04-15 23:39:56','2010-09-18 02:12:42','2023-04-07 14:00:02'),(293,2,5,'Officia autem est voluptas in eos veniam.','Excepturi consectetur harum quod quia hic iusto. Quaerat fuga rem ut at error. Consequatur odit molestias velit aut recusandae neque quis. Aliquid nemo fugit cum sunt eveniet nisi. Quas ut molestiae omnis accusamus.',1,'1974-06-20 13:13:56','2012-01-31 20:55:23','2023-05-21 15:55:03'),(294,7,19,'Eveniet quo nihil consectetur minus tempora quisquam.','Eaque veniam corporis nostrum corrupti ex. Omnis et iure amet cumque veritatis. Iste necessitatibus odit ipsum doloremque nostrum labore corrupti.',1,'2018-12-09 21:31:04','2023-09-03 18:48:21','2023-09-05 01:13:53'),(295,8,14,'Amet et soluta quo sed reiciendis qui.','Et omnis enim tempora. Minima temporibus quis nulla. Reiciendis doloremque consequatur quibusdam.',1,'2013-08-22 03:55:35','2016-01-11 08:31:56','2018-03-04 02:22:31'),(296,1,1,'Voluptatem quia explicabo officiis.','Qui cum quo expedita est quaerat. Omnis ut nesciunt voluptatibus quia et molestiae. Laborum sint sapiente quo quia neque libero suscipit.',0,'2007-04-29 10:21:40','2009-11-03 04:54:27','2014-02-27 05:17:04'),(297,2,8,'Aperiam doloribus quis voluptatem dolorum ad.','Odio ab voluptatem consectetur aliquam et culpa id impedit. Consectetur voluptatem asperiores veritatis aspernatur tempore cumque. Praesentium ut autem qui vel dicta. Incidunt repellendus et blanditiis esse dolore.',0,'1978-07-17 03:50:45','2005-01-18 05:49:04','2014-08-31 23:29:27'),(298,4,1,'Atque laboriosam itaque ea veritatis reiciendis autem sed.','Nostrum totam exercitationem quam et aliquam repellat. Ea molestiae in cum fugit quod velit quasi. Dignissimos ullam enim unde nisi facere harum iste.',0,'2007-08-30 19:22:23','2021-06-11 15:43:17','2022-03-07 04:55:57'),(299,9,3,'Numquam sint odit aspernatur illum voluptatem in qui.','Dolores aut beatae omnis. Fugiat dolorem rerum nihil qui delectus. Ut praesentium possimus voluptate quo debitis nisi.',1,'2023-09-08 14:59:20','2007-01-19 06:02:35','2008-12-16 21:43:45'),(300,2,8,'Dignissimos rerum dolor doloremque est voluptatem architecto est.','Tempore libero ab impedit doloribus quas. Ad ut esse assumenda porro sit expedita. Sit earum repellendus illo sunt neque ducimus.',0,'1975-08-17 02:52:53','1989-05-23 06:41:06','2021-12-17 13:59:37'),(301,3,2,'Eum aspernatur facere nobis asperiores.','Vel quia aliquid similique laudantium deleniti. Quibusdam ut nisi occaecati consequatur labore est. Minima perspiciatis rem ab est. Adipisci animi adipisci omnis aut dicta est asperiores.',0,'2011-08-10 18:42:06','2014-02-10 03:16:54','2016-08-04 07:18:35'),(302,1,14,'Qui laudantium commodi alias numquam.','Aut dolores repellendus soluta dolor enim. Dolorem fuga omnis sint et ipsa eligendi.',0,'2020-12-18 03:57:21','2021-05-18 01:10:08','2021-12-22 02:22:28'),(303,2,14,'At id veniam facilis reiciendis consequatur.','Ex nobis magni quo amet sit atque qui odit. Deleniti alias voluptatem ea dignissimos minima neque ut. Labore debitis et magnam vitae voluptas asperiores quibusdam voluptatem. Totam reiciendis vero modi odit tenetur nihil corporis. Fugiat voluptas ipsam voluptatem.',1,'1994-08-04 19:11:21','1999-01-20 16:07:19','2019-03-07 18:15:49'),(304,5,7,'Sint recusandae facere molestiae architecto minus possimus in quas.','Qui sequi ut in eveniet ipsa consequatur qui et. Laborum nihil sint sed libero a et dolores. Fugit ea pariatur blanditiis et tempore est.',0,'2021-10-25 05:45:50','2021-11-04 00:11:38','2022-02-22 19:56:05'),(305,3,10,'Qui perferendis reprehenderit et ex ducimus.','Eius distinctio voluptatibus sit dolor corporis dolores. Voluptatum et vitae est. Perferendis ratione suscipit reiciendis corrupti est. Illo deleniti ullam dolorem expedita adipisci eum suscipit.',0,'1990-10-17 10:22:49','2014-08-16 13:40:37','2023-01-22 15:12:32'),(306,1,10,'Minus ut pariatur eius aut consectetur ut occaecati.','Totam asperiores aut a eius rerum. Repellendus quidem aliquam reiciendis aut. Velit suscipit tempore nesciunt quia.',0,'2023-09-24 12:14:35','1983-10-01 17:51:27','2023-12-13 19:08:20'),(307,2,7,'Doloremque ipsa enim officia sint occaecati autem quia.','Iure amet quis alias recusandae et. Cupiditate a molestias laudantium voluptatem. Ut nostrum ipsum tempora maiores. Recusandae distinctio et aut deserunt nihil.',1,'2011-04-10 01:37:27','2020-12-10 18:50:56','2022-02-20 03:01:05'),(308,3,11,'Perspiciatis et quisquam est nemo illo pariatur.','Quia neque magni qui pariatur et magnam et qui. Possimus animi et quod magni dolor sunt.',0,'1991-05-08 17:05:05','1992-08-30 05:13:50','2009-04-03 14:20:34'),(309,6,4,'Laudantium et sed non impedit sed.','Animi id repellat sunt unde. Veniam ipsa quasi provident ut et. Et dignissimos vel earum pariatur porro. Sequi vitae eius placeat quos.',1,'1995-09-05 10:26:26','2006-01-11 12:31:47','2018-11-27 00:26:06'),(310,1,12,'Est est est qui illum.','Neque cupiditate explicabo a illo. Est quisquam rerum et iure voluptas exercitationem ullam omnis. Fugit non maxime rem consequuntur.',0,'1999-12-22 07:22:33','2001-03-28 12:23:24','2002-12-03 03:17:01'),(311,9,2,'Ipsam excepturi magnam id sit iste eveniet.','Dolor ad quos modi quia. Harum repudiandae vel odio odit. Quae molestiae ex rerum ducimus dolores error.',0,'1995-08-13 18:25:12','2011-08-16 00:29:33','2015-07-29 18:23:13'),(312,3,19,'Velit voluptates labore aliquam dicta aspernatur.','Cumque numquam debitis aperiam perferendis qui aut magni blanditiis. Officia esse veniam quia dolor ut. Labore voluptatum beatae omnis voluptates ea odit nostrum non. Omnis minima omnis consequuntur eius quo quidem.',1,'1982-10-26 16:25:58','1990-06-26 08:07:42','1999-07-04 16:11:38'),(313,7,6,'Non nobis excepturi sequi quaerat maiores vel.','Nisi adipisci consectetur aut fugit natus et et. Aut tempore aut velit quo. Omnis consequuntur nam fuga id. Harum veritatis nulla ex rerum nemo.',0,'2023-09-16 05:41:15','2014-07-15 05:23:24','2023-11-03 13:59:29'),(314,5,13,'Nemo quaerat eum quod consequatur.','Quia cum accusamus reprehenderit et ullam nihil qui. Sed molestiae ut nulla provident quia dolor. Sint repellat omnis nihil ducimus est tempora.',1,'2003-03-15 01:32:19','2017-02-05 17:49:05','2019-07-24 01:14:08'),(315,4,3,'Aut tempore esse dolores distinctio veniam.','Unde beatae ut qui inventore culpa voluptatem magnam quaerat. Et commodi saepe impedit quam at et. Amet quia sed nesciunt nesciunt ut quia blanditiis quisquam.',0,'1971-11-17 17:08:24','1978-03-17 01:59:46','1984-06-15 01:54:02'),(316,7,10,'Vel vitae aspernatur consectetur dicta incidunt sapiente.','Atque ut distinctio tempora et sed. Pariatur voluptas ipsum mollitia consequatur a nostrum. Dignissimos consequatur earum tempora dolore tempore minus. Quia eum aut assumenda unde mollitia et.',0,'1986-07-19 22:45:26','2018-09-16 19:55:56','2020-09-29 15:05:38'),(317,2,3,'Dolor aut molestiae dicta nulla id possimus.','Fugit et iste nobis. Sint veniam eum velit maxime odio. Veniam assumenda neque eos ea sequi illo. Omnis necessitatibus vitae sequi enim illum molestias.',0,'1987-03-18 08:34:01','2014-11-16 08:52:28','2016-04-30 23:51:19'),(318,2,11,'Occaecati omnis quod ad excepturi.','Eum rerum mollitia voluptatem quia ab voluptatem nemo. Et quidem adipisci cupiditate enim dolore. Aut voluptas debitis porro voluptas.',0,'2003-09-21 12:21:32','2015-08-23 12:59:42','2017-01-15 16:03:07'),(319,9,6,'Et consequatur qui vel sint perferendis expedita consequatur.','Ut voluptas est ea illo. Non architecto quaerat consectetur qui doloribus. Quod recusandae aut aut itaque rerum dignissimos corporis. Dolorem fugiat animi rerum labore.',1,'2004-04-18 16:12:43','2006-07-08 12:14:13','2007-04-11 03:44:21'),(320,9,18,'Mollitia tempore corporis a dolores cum dolorem et.','Natus ipsa quo quos dolorem dolorem. Sed placeat quia omnis. Esse repellendus praesentium voluptatem. Dolorum ducimus voluptates omnis iste.',0,'2018-01-10 17:28:30','2019-12-11 13:58:28','2023-01-16 12:46:42'),(321,6,13,'Qui dolores reiciendis ipsum at consectetur corrupti quisquam.','Deleniti soluta amet ea sit perferendis. Eum aut accusantium architecto saepe sapiente. Qui fugit quo impedit neque dignissimos molestias sequi.',1,'1996-09-15 23:40:53','2015-12-02 09:03:20','2020-12-01 12:56:27'),(322,2,14,'Vel deleniti molestias a quidem sapiente sed.','Enim delectus at voluptatem temporibus rerum nam est. Debitis sint harum dolorum ex suscipit. Similique sequi ducimus in nam.',0,'1980-02-24 09:17:16','2023-05-26 17:17:20','2023-08-01 04:11:18'),(323,7,7,'Porro ut impedit et ut.','Quibusdam culpa dolorem est ullam. Tenetur eos dolorem eligendi maxime asperiores iure. Officiis non est est sed placeat voluptatum. Occaecati ut esse dolorem voluptas.',0,'1987-08-24 21:14:31','1994-03-31 02:06:31','2006-04-08 05:15:09'),(324,4,2,'Quis inventore quia corrupti ad eligendi perspiciatis.','Quia maxime cumque ipsam saepe dolores quaerat. Aut dolor ea magni reprehenderit. A ut sint libero est culpa. Ut perferendis dolor et quisquam aut est.',1,'2000-10-17 03:46:40','2015-08-26 11:45:42','2017-06-15 07:31:39'),(325,4,16,'Ipsum ipsa earum magni.','Commodi doloribus repellendus qui deleniti beatae qui. Accusamus exercitationem blanditiis sit provident omnis. Rem ut repudiandae qui voluptatem earum ducimus nulla.',1,'2020-03-05 11:52:58','2020-07-10 16:57:28','2021-09-17 00:56:08'),(326,3,22,'Ut saepe iusto iure eos esse cupiditate.','Est ut rem sint qui. Possimus aut ut omnis nemo modi at. Accusantium fugiat non consectetur et.',0,'1979-08-05 20:36:14','1989-09-16 11:48:19','1997-09-11 13:24:11'),(327,6,5,'Ut ea dolores tempore deleniti sequi vel ea.','Maiores veritatis a et corporis ut ut veniam. Dolore sed nobis magni possimus. Odit vel necessitatibus odit repellendus cupiditate qui. Cumque vitae aut sequi.',1,'2011-04-30 22:54:43','2013-07-05 10:04:28','2022-04-11 21:24:10'),(328,4,16,'Nisi quasi iure ea eaque aperiam ut blanditiis.','Amet enim magni rerum. Repellat natus ab molestias velit consequatur animi veniam. Omnis sit laudantium cumque.',0,'1984-05-15 09:51:48','2020-03-25 04:03:38','2020-08-12 13:08:38'),(329,4,7,'Ut inventore sapiente odit inventore veniam id.','Sunt rerum et repellendus qui molestiae. Et est consectetur ipsum ullam autem. Ipsa architecto laudantium rem. Saepe occaecati hic est non necessitatibus sapiente impedit.',0,'2005-11-17 22:14:16','2021-10-24 16:17:30','2022-04-20 12:55:48'),(330,2,20,'Ad doloribus quasi rerum.','Dolores tenetur eum et illo. Saepe optio autem quas est quis ut iste.',0,'2013-06-19 04:02:37','2022-10-07 05:01:22','2022-10-09 13:01:39'),(331,8,12,'Deleniti maiores saepe aut repellendus enim tempore.','Maxime consectetur qui nostrum autem magnam minus earum sequi. Dolores impedit pariatur quam cum ratione et nihil.',0,'2016-12-25 15:26:19','2017-03-28 15:29:43','2018-07-17 16:37:47'),(332,8,15,'Sequi qui nihil ad natus mollitia qui in.','Est rerum nulla quos occaecati quis asperiores enim. Voluptas rerum unde vitae et. Officia atque et sequi recusandae voluptas rem.',1,'1995-07-10 01:04:38','2009-07-30 15:53:36','2023-08-25 23:16:54'),(333,7,7,'Aut dolorem incidunt sed rerum ut.','Tempore veritatis sunt deleniti blanditiis voluptate ut adipisci. Rerum culpa odit tempore. Cupiditate eos id aliquid adipisci neque reiciendis dolor. Velit nihil provident repellendus dolor repudiandae hic commodi.',0,'2017-05-30 12:58:22','2017-09-18 09:59:00','2023-05-05 07:20:08'),(334,5,9,'In ut itaque assumenda necessitatibus accusantium sed.','In vitae voluptatem iusto incidunt animi. Labore accusamus sit dignissimos aut quo rerum eligendi.',1,'1976-02-26 04:28:58','2006-02-11 15:31:45','2011-12-13 21:12:03'),(335,4,9,'Praesentium ut qui enim neque exercitationem.','Recusandae quaerat tempore dolore. Voluptatem et quasi qui qui et. Et voluptatibus est qui provident. Rerum ipsa omnis et exercitationem. Et minus nam omnis odit dolores impedit omnis.',0,'1976-08-21 13:53:35','1998-01-21 04:00:48','2001-03-06 11:58:58'),(336,6,17,'Delectus sed pariatur esse qui.','Non voluptate ut perferendis hic molestiae voluptas. Provident temporibus accusamus quia aut velit impedit eaque sed. Totam ut optio est aliquid.',0,'2009-07-09 17:52:31','2013-02-24 01:29:51','2017-07-13 13:39:26'),(337,3,1,'Quia voluptatibus deserunt quam aut illo.','Autem reprehenderit et eveniet est soluta voluptatem. Et sunt ducimus dolor itaque voluptatem. Quas quas accusamus nulla quo eos aperiam.',0,'1976-05-04 18:44:32','2019-10-22 10:28:39','2023-04-28 06:23:57'),(338,5,6,'Esse est dolor tempora velit blanditiis autem maxime.','Et itaque non est quo eveniet id deserunt. Laboriosam labore veritatis velit voluptatum. Sed beatae occaecati commodi non fugiat omnis cupiditate.',1,'1999-08-07 23:54:30','2000-07-19 15:01:54','2019-03-20 01:22:23'),(339,9,11,'Fugit necessitatibus non tempore.','Harum nisi illum corrupti aut est hic et deserunt. Sequi aut incidunt doloremque. Molestias est voluptatem perferendis tenetur sed cupiditate. Et in rerum qui quia quaerat amet ad.',0,'2012-01-07 20:37:42','2020-12-07 04:09:52','2021-08-12 18:51:49'),(340,7,2,'Laudantium repellendus consequatur ratione provident aut doloribus.','Dicta vitae excepturi consequatur commodi delectus id sint. Aliquid illum perferendis et consequatur maxime placeat. Nihil tenetur reiciendis architecto qui.',1,'1974-09-13 13:17:20','2023-06-27 14:07:51','2023-08-18 02:39:40'),(341,5,15,'Animi officia iure deserunt cumque labore laboriosam adipisci.','Rem autem tempora soluta excepturi maxime. Quo sint doloremque vero recusandae. Pariatur quia rerum minima nostrum quidem eveniet. Quod quasi ut at magnam labore qui. Qui dignissimos qui recusandae eius inventore mollitia expedita.',1,'1984-03-06 08:49:56','1999-08-21 23:47:22','2016-10-09 14:07:48'),(342,1,17,'Dolore veritatis id omnis.','Sint in odio quos repellendus optio vero. Et illo asperiores atque. Sunt accusamus voluptatem aut voluptates exercitationem voluptate.',1,'2020-07-17 22:10:34','2023-05-20 05:03:57','2023-07-02 02:20:14'),(343,2,4,'Temporibus optio aut quidem quia repellendus et modi.','Necessitatibus veniam necessitatibus blanditiis. Molestiae nisi consequatur laborum vitae repudiandae.',0,'2002-03-18 20:08:07','2014-08-22 18:26:32','2019-04-23 17:26:56'),(344,2,11,'Explicabo et aut et illo aut corrupti.','Modi facilis necessitatibus autem. Consequuntur aliquam et enim in. Repellendus provident nesciunt est. Aut voluptatem ut nisi et.',1,'2016-02-27 17:23:19','2021-06-14 14:46:20','2021-12-05 10:15:28'),(345,8,15,'Qui quia et ea nihil quis error dolorum.','Minima consequuntur labore modi praesentium aut repellendus libero. Expedita delectus ut numquam ut enim harum omnis dolore. Aspernatur quam aspernatur beatae. Quaerat inventore ab error libero.',0,'2002-11-24 13:36:16','2016-09-08 18:10:14','2021-12-14 11:17:16'),(346,3,13,'Enim eaque exercitationem doloribus alias quasi est minima est.','Fuga dolores voluptatum amet quia. Id id est numquam deleniti accusantium enim exercitationem modi. Amet dignissimos commodi totam. Qui asperiores nihil eveniet voluptatem. Ex cum suscipit sed eveniet ea quas.',0,'2020-10-12 14:35:23','2021-10-07 05:24:30','2023-03-18 19:53:27'),(347,4,9,'Cupiditate delectus maiores nisi odio cum ex sunt.','Ipsum suscipit voluptas saepe et quaerat error. Ut architecto aut sit rerum iste voluptatem non iste. Qui quo quam similique ea magni enim repudiandae. Maiores sapiente omnis facere similique deserunt quo est.',0,'2018-12-28 04:58:56','2019-03-18 20:46:57','2020-05-27 12:40:07'),(348,3,20,'Neque eligendi aut maiores laudantium dolor nisi.','Omnis dignissimos quo culpa amet itaque. Reiciendis nemo et quia et. Praesentium perferendis doloremque quisquam debitis dolore libero sed. Et sapiente fuga suscipit consectetur.',0,'2004-01-22 09:47:59','2021-08-11 05:11:05','2022-03-09 09:23:24'),(349,2,13,'Provident eos eius iure quibusdam modi officiis minima.','In perspiciatis enim eligendi. Sit voluptas id dolores laudantium.',0,'1987-05-04 10:38:56','2009-08-30 10:52:33','2014-04-20 10:09:14'),(350,3,18,'Aut possimus quisquam eos.','Qui ea id nesciunt qui ut modi nulla. Vel odit laborum nam id. Enim minima distinctio ut dignissimos quam.',1,'1988-03-09 19:05:52','2017-07-01 15:51:18','2022-07-22 01:19:14'),(351,6,19,'Autem et perferendis labore et sit.','Qui aliquid ut cupiditate eos ullam qui facilis. Distinctio est non aperiam minima assumenda tempore sit est. Itaque ex eos consequatur aut sit aliquam quasi pariatur. Ut doloribus incidunt ducimus id quia.',1,'2011-07-18 19:56:08','2018-02-12 05:40:03','2021-01-05 18:32:36'),(352,8,7,'Ad ea error distinctio voluptate.','Enim non velit reprehenderit voluptatem ut nisi. Ducimus eum ab harum quaerat. Amet minima cumque ea est excepturi.',0,'1982-08-25 21:04:09','1984-05-23 16:55:58','2010-02-21 00:24:47'),(353,3,5,'Eligendi et et nihil ut.','Dolores quia laborum ratione maiores deserunt veniam ea. Iure aut dolorem sed qui voluptas voluptatibus dolores. Aut tenetur quia ea quae mollitia deserunt. Ab animi et repellendus et. Aut non quisquam non sed et ut laborum.',0,'1980-03-07 10:02:37','1997-01-03 02:13:02','2019-02-24 09:55:53'),(354,8,12,'Amet eos odio magnam.','Sed voluptas quis sed laborum. Et id iure repudiandae neque repellendus alias et.',1,'1982-10-14 14:28:14','2003-03-05 05:18:21','2016-09-16 12:37:27'),(355,6,19,'Temporibus laborum est alias enim aut dolor aspernatur.','Eos vel doloremque incidunt repellendus. Deleniti quae ad provident at distinctio magnam commodi. Neque quo dolor sint necessitatibus sit adipisci. Aperiam at animi aut quibusdam voluptates vitae.',1,'2000-12-05 18:19:27','2004-02-07 09:40:11','2012-09-12 12:40:07'),(356,5,4,'Aliquid ut eum repudiandae nisi.','Quam odit voluptas et. Laboriosam et laboriosam eligendi quod et.',0,'1999-06-19 09:02:55','2021-01-26 21:59:46','2021-09-20 15:56:38'),(357,9,22,'Inventore non magni eligendi nostrum.','Doloremque blanditiis dignissimos neque. Voluptatem earum labore tempore minus nostrum expedita officia. A neque deleniti non.',0,'1993-11-13 06:00:29','2017-05-30 12:05:17','2019-06-29 18:11:02'),(358,5,16,'Voluptates ipsum et minima laudantium sequi molestiae.','Consequatur facere aut quaerat reiciendis sint et tempora. Ut et rerum dolorem sed perspiciatis sequi culpa voluptatem. Rerum ea voluptas in totam vitae quaerat.',0,'1986-12-02 05:35:19','2019-03-17 20:36:26','2023-07-27 13:04:48'),(359,8,12,'Ut qui natus cumque delectus voluptatem qui delectus molestiae.','Dolorem quia id suscipit accusamus sequi nihil. Perspiciatis qui ab impedit tenetur eos natus. Accusamus consequatur odit animi assumenda blanditiis. Est reprehenderit molestiae debitis ea.',1,'1971-06-04 18:17:30','1992-07-03 18:11:45','2005-02-15 04:01:15'),(360,8,11,'Et odio occaecati odit sunt nesciunt ullam corrupti doloribus.','Vero ut quasi ea magni. Id dolorem est cum architecto ipsum. Fugit odit et non soluta soluta eveniet esse. Et tempora fugit beatae dolorem alias. Consequatur in sint in praesentium eligendi rem.',0,'2018-05-10 07:03:39','2019-09-04 07:01:17','2021-10-06 16:04:07'),(361,6,9,'Quasi non asperiores inventore perspiciatis possimus sed.','Et ipsa ab id. Earum accusamus nihil consequuntur. Eos vel exercitationem fuga.',0,'1982-12-14 13:51:38','2022-11-03 11:01:28','2023-05-26 02:29:44'),(362,4,17,'Quo ut dicta et aut debitis.','Laudantium ut quasi nihil vero omnis sed aut. Deserunt illum commodi veritatis. Amet earum tenetur sequi repudiandae quia eos cupiditate aliquid.',1,'1985-08-01 10:57:52','2019-11-16 21:21:03','2021-04-23 01:15:11'),(363,6,4,'Adipisci quaerat tempora voluptas error necessitatibus commodi quisquam.','Quisquam ab ea et quia vitae veniam. Ducimus consequatur aperiam quod quia qui ut. Dolorem soluta repudiandae sint et deserunt ipsam. Consequuntur itaque veniam quos sed.',0,'1972-09-14 15:52:03','2019-07-28 11:24:09','2021-09-17 11:03:18'),(364,3,15,'Cupiditate excepturi cupiditate et eum dolor aut.','Sit mollitia odit dolore molestiae dolore repudiandae. Cumque deserunt voluptatibus dolorem veniam. Possimus non consequatur ex. Et amet quam qui ducimus dignissimos quidem rem. Numquam quisquam sed et qui.',1,'2002-05-02 15:41:04','2017-05-26 12:41:41','2018-10-24 14:28:37'),(365,7,4,'Rerum consequatur itaque possimus perferendis laudantium.','Aut amet fugiat modi ipsa dolorem praesentium. Quia debitis vitae labore incidunt. Praesentium quidem quasi sed qui aut doloremque illo accusantium.',0,'2007-05-31 06:51:17','2016-05-16 00:34:01','2023-02-16 10:07:29'),(366,1,14,'Enim ipsam dolore fugit ipsa est.','Fugiat quo aliquid distinctio error. Sit aperiam sint earum eos eveniet in aut. Ea et rerum deserunt voluptatem enim totam doloremque.',0,'1993-12-17 11:13:25','2005-07-13 21:05:23','2014-12-13 17:45:44'),(367,9,5,'Non quaerat et nemo.','Debitis amet mollitia occaecati qui officiis sed aliquam. Ducimus veritatis repudiandae qui expedita. Voluptate minus dolorem labore omnis tenetur nihil ea quia.',0,'2018-06-13 19:04:55','2020-04-14 08:25:53','2022-07-27 00:30:50'),(368,3,1,'Perspiciatis eius qui sint porro.','Dolores quaerat repellat vitae similique aspernatur rerum. Esse placeat quo est dolores in ipsum. Eum vel iusto est earum.',1,'1976-03-29 20:56:31','2009-07-14 11:52:05','2011-05-07 12:47:20'),(369,6,22,'Neque quo laudantium quia qui odit alias.','Aspernatur et excepturi iure sed qui. Quod quo enim nostrum laborum sed. Eaque et rem omnis dignissimos ducimus.',0,'1999-04-05 19:48:35','2010-11-20 14:41:52','2014-10-24 17:10:28'),(370,3,18,'Et reprehenderit quia quia laborum in.','Eos saepe voluptas harum aliquid dolor occaecati doloremque. Minus libero deserunt qui molestias aliquam quos distinctio et. Doloribus voluptatem aliquid est vitae nemo id tempora consequatur.',1,'1998-04-11 03:05:42','2015-01-15 08:31:43','2015-06-14 18:07:40'),(371,2,8,'Fugiat facilis nesciunt blanditiis ipsa.','Qui aut harum similique molestiae. Est quis culpa asperiores ut libero nesciunt illum fugit. Illum expedita ut impedit accusamus quaerat laborum quod. Fuga ut quia aliquam et.',0,'2001-10-29 20:10:11','2005-09-11 21:46:09','2007-03-19 02:23:29'),(372,4,8,'Nam quidem veniam necessitatibus.','Voluptas voluptatem sunt reprehenderit voluptatem vitae. Magni est quisquam voluptas cum quis non. Mollitia commodi maiores quis debitis ratione.',0,'1994-12-15 04:12:25','2022-09-08 23:52:57','2022-12-11 19:05:33'),(373,9,10,'Qui sit eaque mollitia culpa nihil consequuntur.','Soluta rerum eius enim modi minus et porro. Sint est nobis possimus dolor ipsam. Soluta repudiandae non eaque enim rerum beatae. Voluptas placeat commodi fugit qui aut quam ut.',1,'2016-05-13 00:57:14','2023-02-10 16:26:39','2023-03-18 22:35:07'),(374,7,12,'Aut doloremque repudiandae occaecati ab debitis atque voluptatem.','Enim assumenda non deserunt a dolor vel. Quidem fugit rerum itaque earum omnis. Tempore velit est totam qui animi optio quod. Accusamus dicta voluptatem expedita nihil consequatur suscipit.',0,'2014-10-26 05:27:57','2015-07-25 16:30:21','2018-12-08 00:00:11'),(375,3,22,'Fugiat fugit provident eos voluptatem praesentium magni.','Officia voluptate esse voluptates ullam non odit. Adipisci molestias autem quia veniam quos ratione ad. Ut enim quia assumenda et illum et eos at.',1,'1977-10-14 14:46:49','2010-02-13 15:25:47','2019-01-02 16:24:42'),(376,8,13,'Hic ipsam ipsa dolores deleniti est exercitationem natus.','Adipisci repudiandae hic rerum quaerat. Magnam adipisci tenetur eius quo qui laborum quo enim. Error et et earum accusamus rerum non. Quia quisquam et dolor vero alias.',1,'1997-07-02 10:22:00','2001-01-29 05:59:31','2014-08-09 11:03:10'),(377,9,22,'Quia sed dicta excepturi autem quas.','Sapiente et quia quas aut inventore qui minima. Et beatae ut expedita. Qui occaecati aut facere nisi ipsum aut. Ut eum qui laboriosam suscipit.',0,'2011-03-30 04:43:59','2019-09-29 04:31:10','2020-11-24 13:14:25'),(378,8,19,'Qui molestias odio quia ratione quos illo perspiciatis.','Optio exercitationem autem voluptas rerum omnis aspernatur atque. Eveniet non et id placeat eaque illum et. Maxime odit aut occaecati voluptatem est. Dolores amet atque rem facere adipisci sed est.',1,'1991-10-14 16:32:52','2021-05-27 03:32:01','2022-05-03 10:28:57'),(379,8,4,'Nostrum accusamus quo quidem voluptatem similique rerum.','Provident dolores non ut fuga. Doloremque quia dolores sed. Fuga culpa recusandae omnis id voluptates ad. Ea magnam placeat et voluptatibus.',0,'1973-09-27 05:54:24','2022-03-02 02:54:41','2023-04-18 23:08:05'),(380,5,18,'Dolorem eos et voluptatem laudantium delectus tenetur nobis.','Reiciendis iste cum veritatis. Veritatis autem nemo aperiam. Cum eveniet dolorum fugit.',1,'1980-11-10 20:27:14','1999-10-12 04:01:01','2014-09-27 12:10:19'),(381,5,10,'Et culpa nisi vitae impedit fuga.','In aliquam error dolorum voluptatem excepturi voluptatem. Aliquid at cum possimus a quaerat voluptatem nam repellendus. Quia exercitationem nihil quo sapiente consequatur architecto doloribus. Itaque ut aut molestiae magni aspernatur molestiae.',1,'1979-08-15 10:29:35','1990-04-30 15:05:11','2006-08-16 18:08:43'),(382,9,3,'In voluptatem facere at aut provident laudantium rerum.','Molestiae aliquam quisquam mollitia dicta voluptas fuga saepe. Tempora repellat earum at. At culpa earum ipsam et illum dolore vel molestias.',1,'2003-04-19 23:00:44','2010-02-01 14:30:03','2020-09-13 04:12:11'),(383,9,2,'Nobis voluptatem voluptates porro consequuntur sit non vitae ut.','Maxime alias quis iste accusamus debitis. Itaque provident odio a laboriosam possimus et voluptatum. Dolor natus ipsam blanditiis delectus esse sunt dolor est.',1,'1990-08-01 04:43:34','1993-11-02 08:47:30','2022-11-18 07:13:08'),(384,9,14,'Consequuntur vel earum dignissimos molestiae.','Sunt vel quidem dolorem distinctio quis quo. Enim ut dolores commodi occaecati exercitationem non. Eum eum quasi laborum commodi cupiditate at qui quas. Maxime accusamus ut deleniti similique accusantium.',1,'2012-03-26 23:05:23','2020-12-07 01:56:18','2022-11-19 15:54:39'),(385,1,4,'Enim esse optio ducimus consequatur est omnis.','Adipisci nisi facere voluptatem debitis iure qui. Repudiandae distinctio reprehenderit autem. Doloremque aut quam quo et velit assumenda rerum. Doloribus et sit ut dolores odio.',0,'2016-03-01 05:36:29','2017-06-30 05:28:50','2022-09-14 02:16:33'),(386,8,12,'Ipsum quasi et dolor sed.','Et ab vero accusamus consequuntur. Sint corporis voluptatibus odio eos temporibus et. Deserunt nam totam qui. Qui magni id perferendis qui.',0,'2013-03-22 21:17:13','2021-01-03 22:40:26','2023-05-27 11:16:31'),(387,3,10,'Rem omnis aut et placeat.','Sequi voluptas minus accusamus. Dolore reiciendis qui impedit nostrum commodi ab amet temporibus. Deserunt repudiandae magnam repudiandae. Quis aliquam autem nemo rerum totam eligendi numquam. Aliquam quaerat nesciunt est voluptatem dolor corrupti.',0,'1990-04-16 13:17:25','1992-03-02 15:52:31','2005-05-06 08:49:01'),(388,7,3,'Perspiciatis at voluptatem impedit et et vel.','Nam dolores atque eius molestias cum esse. Sit dolorem ipsum velit sapiente ea. Aut ut ducimus et. Ducimus consequatur illum ducimus blanditiis enim voluptate.',0,'1977-08-19 08:33:03','2005-09-26 11:11:25','2017-12-13 21:40:45'),(389,1,4,'Eos quas et voluptatibus nobis soluta eum.','Nemo nulla repellendus qui qui quas odit. Molestiae suscipit quis aut eveniet placeat iusto et officiis. Nostrum ab quo consequuntur quis.',1,'1984-04-15 04:53:46','2020-12-25 22:36:39','2022-05-30 18:36:11'),(390,3,13,'Provident voluptas in nostrum quia.','Similique natus dolorem aperiam vero. Vitae facere quis quo sunt eos et minima. A nam odio aut eos repudiandae. Voluptatum voluptatem modi nihil qui.',0,'2009-06-03 13:45:58','2019-07-23 13:02:02','2020-03-24 06:41:28'),(391,3,19,'Voluptas mollitia sit voluptatum et vitae harum maxime.','Pariatur aliquam aliquam cum quas aspernatur porro. Necessitatibus non et rerum amet praesentium reiciendis delectus.',0,'1993-03-15 19:13:30','2001-02-25 13:29:23','2012-09-25 22:53:02'),(392,4,17,'Cumque omnis id tempore repellendus.','Iste nisi dolorum quia sint dolor praesentium suscipit. Modi nulla deserunt dolor vitae blanditiis error. Eligendi eum nihil veritatis et iste.',1,'2005-10-11 12:13:00','2017-02-27 07:42:20','2022-04-09 01:23:55'),(393,7,8,'Tenetur deleniti aut deleniti itaque.','Mollitia accusantium explicabo et corrupti suscipit. Qui dolores nihil quis est id magni consequuntur consectetur. Rerum voluptatem qui quo dolores qui. Molestiae qui tenetur cupiditate libero incidunt dolores. Quis iure aut in rerum quam ullam totam qui.',0,'2007-11-30 22:35:11','2015-01-27 23:00:24','2016-03-12 23:27:46'),(394,2,4,'Iure at nulla assumenda mollitia et eveniet.','Consectetur deserunt in commodi omnis officia at. Provident laboriosam cum tenetur laudantium deleniti consequatur voluptatibus. Facere aut aliquid reprehenderit. Fugit culpa mollitia expedita minima.',1,'2019-04-30 16:07:04','2023-03-21 01:58:51','2023-08-10 09:28:04'),(395,8,16,'Odio quas suscipit quasi nesciunt et molestiae a.','Fuga voluptatem accusamus natus distinctio velit non. Eius non sed incidunt eaque reprehenderit amet qui consectetur. Ipsum iusto voluptate sapiente inventore voluptas qui.',0,'1994-10-01 02:03:27','2012-09-09 19:01:02','2021-01-28 02:56:43'),(396,1,3,'Voluptates iste officiis velit voluptates quia aliquam.','Dolore fuga et natus at et accusamus voluptatem. Tempore atque sit et doloribus eaque. Est dolor officiis animi itaque molestiae. Rerum soluta animi at quis ab occaecati.',0,'1980-12-13 01:04:29','1997-07-04 20:06:58','2023-07-25 05:56:53'),(397,8,14,'Aliquid nemo atque in et.','Quaerat iste sunt commodi accusamus minus. Numquam expedita sint similique sint saepe. Ducimus quam corporis rerum numquam odit quia nisi. Et minus ut inventore sit officia ea.',0,'1993-02-24 02:38:58','2016-05-16 20:39:56','2023-05-21 10:56:14'),(398,5,15,'Aut omnis iure iure hic.','Dolorum consequatur aperiam voluptate aut dolores qui. Mollitia rem aut rerum est aut assumenda praesentium. Voluptate a tempore quo autem. Dolorem dolorem quod beatae minima qui.',0,'2011-12-04 06:14:13','2020-08-15 02:01:47','2023-07-12 16:03:38'),(399,3,5,'Sed quis ad mollitia quo rerum quod.','Aspernatur nam fuga numquam animi ut ipsam excepturi. Eos aperiam architecto maiores quia. In sequi ea consequatur saepe. Est incidunt iusto et nihil.',1,'1979-04-18 06:10:19','2019-02-21 05:18:44','2021-02-26 08:12:15'),(400,5,11,'Qui impedit porro omnis facilis perspiciatis qui aspernatur.','Nemo repudiandae consequuntur atque cum deleniti eveniet iure. Voluptas minima ut explicabo id vero nam. Soluta dignissimos voluptatem rerum ad. Et voluptatem nobis est incidunt in magnam vero nihil.',1,'2013-08-06 14:49:19','2014-10-02 10:59:54','2019-03-28 11:01:30'),(401,1,5,'Molestias delectus eum voluptatem est.','Error soluta consequatur sed sequi. Iusto quae esse omnis dolorem ullam inventore voluptate suscipit. Facere omnis eius enim minima perferendis ex est.',1,'1987-07-13 04:31:37','1997-01-29 16:40:42','1998-09-30 11:00:32'),(402,4,2,'Et dolor non vitae repudiandae animi molestias.','Corporis iure nam veritatis modi et. Dolore rerum inventore facere et similique et quae. Quidem velit repellat molestias voluptas alias ut praesentium.',1,'1975-06-09 23:57:00','1987-01-25 23:34:39','2018-08-24 03:52:47'),(403,7,1,'Quo fugit quidem nihil iusto modi.','Omnis aliquam sunt fuga natus sint eius quaerat. Quidem quidem eum et et fugiat voluptatem unde. Et maiores voluptatem repudiandae temporibus dicta.',1,'2012-11-18 00:02:40','2023-05-03 10:57:57','2023-06-06 19:56:16'),(404,9,2,'Et animi molestias non excepturi inventore ea.','Iure alias quia quisquam officia rerum. Laborum culpa neque quas quae maiores. Veritatis nisi voluptas fugiat et doloribus saepe rerum.',0,'1983-03-05 12:14:55','2008-09-05 05:05:22','2011-04-04 12:54:29'),(405,7,9,'Qui cupiditate similique eaque eligendi et expedita ut.','Sit quia quas impedit sit nisi ea ut. Eligendi omnis dicta est sunt. Aut ut et maiores consequatur.',0,'1997-06-15 21:00:31','2017-06-19 16:56:59','2021-02-20 01:52:35'),(406,3,6,'Error adipisci et qui distinctio magni quidem.','Aut quae officiis aut. Non sint esse repellat expedita.',1,'1990-05-19 06:58:12','2000-10-31 21:25:09','2010-11-28 09:54:55'),(407,1,10,'Voluptatibus quod quo quis sed nobis.','Eum iure est et voluptates. Ad quaerat unde cum quis accusamus et rerum. Ipsum ea eum eum ab totam quis earum quis.',1,'1995-09-01 01:53:05','2000-05-27 12:52:20','2011-06-15 01:54:55'),(408,9,18,'Molestias aliquid consequuntur adipisci porro.','In molestias rerum pariatur error. Molestiae tempora fugiat ullam vero laudantium illum. Molestiae ipsum ex pariatur ut facilis perspiciatis ut. Dolores optio aut consectetur eaque reprehenderit et.',1,'2023-03-24 16:52:22','2023-08-17 18:05:31','2023-09-01 03:34:37'),(409,3,12,'Earum harum ea neque et dolor rerum vel.','Quisquam sint quaerat corrupti. Facere tenetur similique est voluptatem consequatur et est modi. Exercitationem ex et pariatur.',1,'1990-11-18 23:55:54','1999-11-10 03:43:27','2007-02-28 02:39:11'),(410,1,14,'Est quod velit perferendis ipsa.','Beatae architecto accusamus ut eos voluptates quidem laudantium. Voluptatum blanditiis doloribus et molestiae enim aut molestiae eligendi. Veniam suscipit commodi impedit voluptatem tempore voluptatem.',0,'2014-12-20 02:21:30','2015-01-19 02:33:09','2016-02-28 11:41:43'),(411,2,14,'Nostrum blanditiis sed ut id est ea non.','Occaecati dicta et mollitia sunt enim. Enim sunt incidunt omnis. Sit recusandae nulla voluptatem itaque magnam omnis. Ut aut eveniet quia delectus eaque animi.',1,'1997-05-14 02:45:47','1999-10-18 15:07:38','2014-09-17 00:11:39'),(412,1,20,'Voluptatibus doloremque voluptas veritatis molestiae ex quas aliquam.','Numquam quae est dolor qui beatae ea dolorum animi. Non nulla unde exercitationem. Sit odio impedit et dolores qui.',1,'1973-01-22 20:18:59','1979-02-06 14:12:25','1987-09-23 12:25:11'),(413,6,14,'Iure velit sed consequatur.','Omnis sapiente itaque similique alias aspernatur ex. Illum et aspernatur sit ut. Et perferendis mollitia voluptates nesciunt reiciendis consequatur cum veniam. Deserunt est aut in quo dignissimos dolores nulla. Iste non eius mollitia dignissimos.',1,'1984-10-30 02:50:26','2005-05-07 00:37:05','2012-09-15 18:22:08'),(414,6,16,'Laudantium voluptatem quas accusamus est nobis dolorem.','Et rerum harum est et fugit impedit magnam. Consectetur enim ut incidunt voluptates. Repellendus dolore aut quam ut iusto omnis.',1,'1992-04-13 23:04:50','2016-10-24 15:25:12','2020-04-06 21:12:18'),(415,3,12,'Nisi dolorem pariatur similique.','Error ipsum dolor repudiandae dolor est rerum. Dolores eum sint ea maxime aut beatae. Quo enim qui voluptatem et.',0,'2005-03-04 04:51:06','2007-12-13 13:03:22','2019-08-29 17:03:12'),(416,1,19,'Dolor fugit autem deleniti reprehenderit veritatis sapiente.','Saepe omnis fuga totam et repudiandae mollitia veritatis. Corrupti alias earum aut accusamus eos hic et. Illo quibusdam dolores cupiditate nihil. Asperiores ipsum deleniti perferendis vitae sit.',0,'2006-02-19 09:00:06','2022-09-20 04:09:54','2022-11-09 03:21:11'),(417,7,16,'Mollitia autem iure at nam iure incidunt non eos.','Perferendis consequatur debitis est et aut et facere corporis. Animi et aliquam autem ipsa omnis deleniti asperiores. Porro quis est aut quia.',1,'1990-01-16 20:21:12','2022-10-26 08:29:12','2023-07-07 09:53:59'),(418,8,7,'Commodi vel dolorum nobis in dolorem ut.','Exercitationem rerum et quia voluptatem repellat et. Asperiores nihil voluptatum molestias debitis tempore omnis laboriosam. Asperiores et animi quo. Cum laboriosam quia sapiente aut.',1,'2011-03-13 14:51:28','2021-01-21 21:15:03','2022-05-17 12:38:33'),(419,3,2,'Nulla laboriosam consequuntur repellat et.','Possimus laboriosam nesciunt ut laborum ratione exercitationem itaque. Est voluptas possimus dolores.',0,'2013-06-18 04:49:09','2019-04-25 10:12:24','2020-05-21 10:26:59'),(420,2,4,'Quis et corrupti et temporibus quis delectus.','Ut quidem aliquam fuga quia fuga ex. Beatae est doloremque aliquid optio autem. Dolores id illo quis quia atque.',1,'2016-07-16 18:25:01','2019-04-18 08:18:57','2019-06-04 14:29:01'),(421,8,19,'Rerum sint earum sed odit dicta ipsam.','Iusto voluptas voluptatem nihil eaque et ad. Occaecati dicta aliquid est rem quibusdam adipisci. Minus qui possimus quo aspernatur.',0,'1985-07-03 00:33:37','2011-02-21 10:26:26','2017-03-05 00:08:20'),(422,7,6,'Eos sint amet qui delectus.','A eum sed ipsum quisquam. Non officia id et nobis quidem. Libero ea dolores et ipsam aut. Voluptas eos dolores quo autem aperiam.',0,'1972-03-12 02:11:28','2022-09-08 01:33:04','2023-03-28 10:57:41'),(423,5,1,'Aut iste minus et sit dolor ea omnis.','Maxime aut sint tempora voluptas eos omnis adipisci nulla. Hic rerum aspernatur perspiciatis laudantium. Deleniti sunt autem eum maxime architecto similique.',0,'1986-07-12 08:53:06','2015-03-22 07:21:42','2018-06-18 23:59:14'),(424,1,15,'Nostrum ut molestiae quis aut vitae quam molestias.','Sint neque velit molestias soluta excepturi vel. Repudiandae error voluptas voluptas minima. Rem sint dignissimos sit magni pariatur. Fugit ut molestiae possimus dolores modi.',0,'2009-06-24 03:44:11','2019-10-09 20:21:51','2021-03-18 20:53:25'),(425,6,1,'Non tenetur natus dolores repellendus quos a odit.','Et iusto minus est perferendis unde voluptatem qui. Nobis sunt asperiores quis aut ut saepe accusamus iure. Libero quo omnis autem corrupti vel voluptatem. Eveniet et illo qui eum qui. Sit magnam asperiores veritatis eum et nulla.',1,'1999-04-06 08:08:59','2003-05-10 21:22:52','2017-06-22 08:49:31'),(426,9,15,'Sunt nulla et velit velit odio itaque.','Quia molestiae qui dignissimos ullam tenetur earum. Deleniti eum minima consectetur tempora deleniti nemo. Molestiae labore reprehenderit ea sapiente quo.',1,'1976-06-18 11:53:55','2001-06-01 22:00:40','2017-08-10 07:29:59'),(427,8,21,'Qui neque maxime quae eligendi mollitia sed autem.','Itaque quia consequatur asperiores voluptate veniam quae velit. Ut dolores dolores est non error dolor. Eum laudantium nesciunt et. Ducimus optio hic facere.',0,'1990-06-04 02:54:16','2007-11-08 06:55:49','2013-04-14 07:57:11'),(428,3,6,'Nihil rerum cumque magni occaecati amet praesentium.','In atque velit nesciunt culpa. Qui nemo beatae aspernatur laborum est aut voluptatem rem. Asperiores eos at dignissimos quam omnis.',0,'2003-01-02 20:51:23','2014-10-16 13:00:23','2019-09-10 22:26:55'),(429,5,5,'Commodi dolorem voluptatem aliquid aut saepe doloremque nisi non.','Dignissimos fugiat aut corporis aut est recusandae sed. Ipsam delectus dolores dolorem aliquam itaque aliquam. Enim adipisci sunt aliquid esse voluptas vero. Aut aperiam qui nihil et accusamus. Nam aut nihil odit dolores suscipit vero ipsum.',0,'2007-07-09 02:34:06','2019-12-09 04:49:35','2022-10-23 02:14:54'),(430,4,13,'Quia omnis aut sapiente labore et.','Itaque minus praesentium eius sit est laborum mollitia qui. Dolorem est dicta consequatur sit. Dolore aut ipsam non omnis at natus nisi. Non nisi ipsum consequatur amet aut natus dolor dolores.',0,'1973-07-21 21:21:04','2016-06-29 15:27:57','2018-08-22 05:34:38');
/*!40000 ALTER TABLE `posts` ENABLE KEYS */;
UNLOCK TABLES;

--
-- Temporary view structure for view `posts_activos`
--

DROP TABLE IF EXISTS `posts_activos`;
/*!50001 DROP VIEW IF EXISTS `posts_activos`*/;
SET @saved_cs_client     = @@character_set_client;
/*!50503 SET character_set_client = utf8mb4 */;
/*!50001 CREATE VIEW `posts_activos` AS SELECT 
 1 AS `id`,
 1 AS `category`,
 1 AS `autor`,
 1 AS `title`,
 1 AS `content`,
 1 AS `status`,
 1 AS `created_at`,
 1 AS `updated_at`,
 1 AS `deleted_at`*/;
SET character_set_client = @saved_cs_client;

--
-- Temporary view structure for view `posts_con_datos`
--

DROP TABLE IF EXISTS `posts_con_datos`;
/*!50001 DROP VIEW IF EXISTS `posts_con_datos`*/;
SET @saved_cs_client     = @@character_set_client;
/*!50503 SET character_set_client = utf8mb4 */;
/*!50001 CREATE VIEW `posts_con_datos` AS SELECT 
 1 AS `category`,
 1 AS `id`,
 1 AS `title`,
 1 AS `username`,
 1 AS `created_at`*/;
SET character_set_client = @saved_cs_client;

--
-- Temporary view structure for view `posts_escritos_por_mujeres`
--

DROP TABLE IF EXISTS `posts_escritos_por_mujeres`;
/*!50001 DROP VIEW IF EXISTS `posts_escritos_por_mujeres`*/;
SET @saved_cs_client     = @@character_set_client;
/*!50503 SET character_set_client = utf8mb4 */;
/*!50001 CREATE VIEW `posts_escritos_por_mujeres` AS SELECT 
 1 AS `title`,
 1 AS `uid`,
 1 AS `uiid`*/;
SET character_set_client = @saved_cs_client;

--
-- Temporary view structure for view `posts_ultimo`
--

DROP TABLE IF EXISTS `posts_ultimo`;
/*!50001 DROP VIEW IF EXISTS `posts_ultimo`*/;
SET @saved_cs_client     = @@character_set_client;
/*!50503 SET character_set_client = utf8mb4 */;
/*!50001 CREATE VIEW `posts_ultimo` AS SELECT 
 1 AS `NombrePost`,
 1 AS `Autor`,
 1 AS `Categoria`*/;
SET character_set_client = @saved_cs_client;

--
-- Table structure for table `products`
--

DROP TABLE IF EXISTS `products`;
/*!40101 SET @saved_cs_client     = @@character_set_client */;
/*!50503 SET character_set_client = utf8mb4 */;
CREATE TABLE `products` (
  `id` int(11) NOT NULL AUTO_INCREMENT,
  `name` varchar(150) NOT NULL,
  `description` text NOT NULL,
  `purchase_price` float NOT NULL,
  `unit_price` float NOT NULL,
  `min_stock` int(11) NOT NULL,
  `max_stock` int(11) NOT NULL,
  `stock` int(11) NOT NULL,
  `dimensions` varchar(155) DEFAULT NULL,
  `weight` float DEFAULT NULL,
  `observation` varchar(255) DEFAULT NULL,
  `status` tinyint(4) DEFAULT 1,
  `category` int(11) NOT NULL,
  `created_at` datetime DEFAULT NULL,
  `updated_at` datetime DEFAULT NULL,
  `deleted_at` datetime DEFAULT NULL,
  `discontinued` tinyint(1) DEFAULT 0,
  PRIMARY KEY (`id`),
  UNIQUE KEY `unique_name` (`name`),
  KEY `fk_category_product` (`category`),
  CONSTRAINT `fk_category_product` FOREIGN KEY (`category`) REFERENCES `categories` (`id`)
) ENGINE=InnoDB AUTO_INCREMENT=101 DEFAULT CHARSET=utf8mb4 COLLATE=utf8mb4_general_ci;
/*!40101 SET character_set_client = @saved_cs_client */;

--
-- Dumping data for table `products`
--

LOCK TABLES `products` WRITE;
/*!40000 ALTER TABLE `products` DISABLE KEYS */;
INSERT INTO `products` VALUES (1,'Dolores facere illum ut.','Libero deserunt commodi quod alias. Omnis eligendi itaque inventore corrupti. Vel quis qui est ut accusamus quo quos.',3542.55,3572.93,16,1037,339,'339',7,'Optio et est odit et.',1,8,'2001-01-14 21:05:39','2023-06-25 13:51:18','2023-09-15 01:59:39',0),(2,'Saepe sunt velit quibusdam.','Ut aliquam pariatur suscipit et aut qui laborum. Labore soluta veritatis totam qui doloremque quis dolorem est. Itaque enim repellendus natus repellat architecto consequatur voluptatem. Consectetur ut eos sit ipsum in tenetur debitis. Fuga cum id beatae fuga fugit.',2471.71,2862.49,19,1469,1811,'252',7,'Eos sequi quod atque.',0,6,'1993-11-04 12:46:53','2010-02-06 00:52:27','2023-06-07 08:02:41',0),(3,'Qui debitis fugit alias et et.','Atque quia animi exercitationem ut minima blanditiis dolore. Voluptas iste aliquam repellat cum. Totam et nostrum dolores exercitationem vel. Facilis voluptatem provident ut quia minus.',1030.52,1046.17,8,713,1161,'178',13,'Eveniet eos earum molestiae.',0,8,'2014-01-10 18:35:21','2019-06-15 08:54:08','2023-08-28 14:34:31',0),(4,'Nihil et possimus deserunt dolorem.','Officiis doloremque deserunt voluptatum totam aliquid ab. Porro dolor quis doloremque. Deserunt voluptatem quidem repudiandae et quia. Doloribus blanditiis quo voluptas.',2691.78,2847.97,16,1690,1796,'793',3,'Maxime inventore voluptas tempore consequatur.',0,14,'1971-03-29 12:57:23','2014-01-20 08:15:31','2017-10-25 14:16:54',0),(5,'Aut error est nostrum dolore fuga non.','Tenetur illo fugiat in autem. Porro aliquam expedita ex rerum est. Delectus excepturi ut et.',1958.56,2093.47,8,1565,867,'110',11,'Vel est accusantium ut at.',1,3,'1985-02-04 20:22:04','2002-11-03 06:04:50','2012-11-08 10:52:13',0),(6,'Praesentium enim omnis dolor vitae dicta veritatis.','Vel officia sit eaque voluptatem aut. Nam magni asperiores quia ut ut sed sed aut.',355.43,494.45,7,1483,1069,'890',12,'Maiores enim et recusandae distinctio.',1,10,'2020-11-15 07:47:59','2021-11-30 06:39:24','2023-09-06 02:26:26',0),(7,'Voluptas vero ducimus nemo aut hic.','Nam dolore autem rem accusamus. Ipsa sed ut accusantium dicta. Quasi ducimus beatae iusto similique omnis voluptas. Mollitia aperiam sed officiis tempore.',3538.1,3775.91,7,830,237,'521',2,'Iste rerum rerum amet incidunt.',0,1,'1987-07-05 21:35:41','1994-09-27 05:58:31','2023-01-08 08:58:57',0),(8,'Quibusdam blanditiis minima incidunt ut.','Modi qui et aut voluptas. Et quo sunt eum in. Et minus repellendus eum excepturi alias. Voluptates voluptatibus natus iusto et quis ut eum.',1611.31,1714.08,15,1863,650,'785',3,'Dolorem reprehenderit provident eum odit quos.',1,4,'2012-02-23 18:07:41','2020-07-18 18:42:06','2020-11-15 17:36:45',0),(9,'Commodi et et quia officia nihil.','Amet molestiae praesentium et temporibus et fugiat quae. Quo corrupti ut soluta porro inventore tenetur at. Corrupti suscipit consequatur aut suscipit repudiandae temporibus. Rerum qui voluptas ab officia.',4494.6,4528,16,1887,397,'464',12,'In beatae nam eius voluptatem natus.',1,2,'2010-09-08 19:19:13','2012-08-09 09:28:46','2015-08-23 08:29:08',0),(10,'Qui ut et aliquam magnam sequi exercitationem impedit.','Aut quis cupiditate repellendus eligendi deserunt aut. Iure in explicabo voluptas et dolorem voluptas.',1125.95,1401.76,19,1053,1457,'16',13,'Impedit dolorem et nisi quod.',1,4,'2009-05-12 00:58:17','2018-01-14 11:04:04','2022-01-30 21:57:01',0),(11,'Voluptates deserunt ipsum cum nostrum nostrum optio.','Quia incidunt impedit veniam officiis. Facere corporis eos sint sit cum qui inventore. Ad quis dolor ab earum eligendi voluptatem ad.',4163.29,4169.15,12,1383,114,'279',13,'Sit et debitis et eos ad sunt ex.',0,1,'1992-09-02 06:19:41','1999-08-20 16:08:16','2020-05-16 18:59:39',0),(12,'Ipsam laborum deserunt et magnam doloremque.','Asperiores vel exercitationem rerum a. Voluptatum officiis culpa velit voluptatem vitae. Qui hic minima totam distinctio beatae consequatur ut.',2187.5,2633.81,5,247,153,'304',9,'Consequatur magnam rem odio quam.',1,12,'1995-04-27 06:09:08','2022-04-17 09:20:10','2023-01-24 10:35:45',0),(13,'Rerum officia velit suscipit eum voluptas.','Et fugit voluptatibus odit eos eum nulla ut. Voluptas omnis nobis sequi eum cupiditate repudiandae. Dolor unde porro vel nam amet. Ab maiores voluptatem accusantium accusantium iste.',77.39,474.3,18,1418,1895,'750',11,'Mollitia labore possimus ea vel dignissimos mollitia repudiandae vitae.',0,1,'2009-02-04 03:06:08','2009-07-04 19:25:05','2022-10-25 04:29:18',0),(14,'Illum est et dolorem sunt.','At labore perspiciatis dignissimos non. Consequatur eveniet nisi officiis et suscipit beatae. Quidem sed pariatur velit nobis temporibus in ut sed. Quaerat unde error quisquam voluptas aspernatur et. Omnis et voluptas ut enim repudiandae minima.',1894.05,1993.43,15,619,941,'351',4,'Provident debitis qui vel at doloremque.',0,5,'2021-08-13 03:41:16','2022-01-07 16:39:17','2022-09-08 12:02:43',0),(15,'Accusantium dolores veniam et alias provident molestiae.','Qui rerum voluptatem dolores dolorum qui sit inventore. Repudiandae sit qui est velit non. Optio nemo vitae quis eaque. Eum voluptatem deleniti sed voluptatibus nobis sed voluptatibus dolores.',1600.22,1604.48,14,623,707,'655',6,'Id et aspernatur voluptatem aut.',0,1,'1973-09-20 02:26:57','2009-02-11 07:51:28','2012-12-15 18:31:51',0),(16,'Velit voluptatem quia tempore vero tempore perferendis.','Quae quia ad molestiae expedita. Inventore tenetur vitae ut. Nemo suscipit et id suscipit adipisci distinctio voluptates.',459.97,802.81,7,993,12,'63',2,'Nemo nulla magni eos temporibus atque.',1,9,'1991-08-22 01:46:05','2017-10-05 16:25:30','2018-03-20 02:21:27',0),(17,'Consectetur quis et ut quia reiciendis.','Et a libero explicabo. Non minima aut amet quae. Commodi voluptas recusandae fugiat perferendis aut rem sit. Libero qui voluptas nulla voluptas quia quod et.',699.65,791.88,19,1713,1619,'620',12,'Ullam tempora quia voluptatem fugit.',0,7,'1994-09-03 20:28:20','2006-09-24 08:19:11','2014-12-03 08:37:38',0),(18,'Iusto magni est aut perferendis tempora natus ut.','Voluptatem nostrum sed sunt a vero voluptatem tempore. Aperiam assumenda ut ab perspiciatis voluptate. Non illo velit excepturi ipsum. Rerum rerum nihil dolores aliquam quia exercitationem soluta perferendis.',808.61,875.6,20,790,1986,'119',15,'Ea est aut magni voluptatem eum facere aut.',1,11,'1981-10-05 05:32:15','2011-12-02 04:05:48','2012-02-13 10:06:42',0),(19,'Distinctio voluptas provident unde a facilis incidunt in.','Laborum aliquid nihil commodi accusantium ea officiis quo sit. Odio perferendis beatae et maxime at. Molestiae debitis blanditiis labore. Nulla ducimus nulla eos aut non ducimus.',3750.22,3862.42,11,1883,297,'445',3,'Explicabo odit nisi odit earum porro.',1,1,'1986-10-26 22:58:29','1994-08-22 03:40:35','2013-11-01 19:10:37',0),(20,'Sunt facilis est eum voluptatem.','Quo quam voluptatem nisi et suscipit. Unde doloribus quis ut exercitationem et dignissimos molestias. Aspernatur facilis nobis accusamus excepturi inventore adipisci. Voluptatibus minus nemo expedita voluptas. Beatae cum vero at est cumque omnis sed.',1450.02,1480.24,18,1295,945,'52',4,'Modi qui ut est voluptate rerum amet et.',0,15,'2021-09-14 02:03:55','2023-04-15 13:49:52','2023-09-09 09:06:04',0),(21,'Mollitia autem placeat debitis.','Aliquam eum quae ut soluta quod quod sunt velit. Aspernatur ut perspiciatis et rerum quo. Natus iste optio repellat ut numquam. Nisi sit alias enim deleniti. Dolor enim animi et dolores quia.',1709.76,2003.62,20,1943,1632,'939',8,'Beatae minus consequuntur culpa laudantium ut.',1,15,'1994-03-08 16:42:07','2012-07-15 18:17:19','2013-06-06 01:39:20',0),(22,'Veniam dolor omnis accusamus optio consequatur quos molestiae.','Occaecati voluptatem voluptatum quibusdam et sapiente. Unde aut natus labore sed magni nisi. Consequatur qui debitis alias voluptas.',3090.79,3283.15,14,565,458,'899',13,'Consequatur quis a expedita illo ut accusamus cum.',1,8,'2008-10-24 20:45:40','2019-08-31 12:20:34','2022-05-25 13:18:20',0),(23,'Enim iusto quo eos magni.','Nemo minima molestiae assumenda et. Aliquam voluptas consequatur incidunt aspernatur. Pariatur deleniti ducimus inventore possimus nemo qui. Esse libero sunt magni similique. Sapiente magnam ex eum veritatis aut nisi explicabo perferendis.',4033.82,4451,13,1028,1821,'196',13,'Laboriosam exercitationem velit rem est.',1,4,'1979-07-17 06:32:44','1993-12-18 22:57:36','2008-05-28 09:07:31',0),(24,'Qui sed est quis.','Velit pariatur nostrum ut libero. Unde et mollitia porro aut est non voluptatibus. Rerum est pariatur eligendi et. Laborum corrupti asperiores quis quis itaque.',3739.37,3900.43,12,176,1661,'417',3,'Magni consequuntur reprehenderit aliquam et quod.',1,10,'2003-07-29 15:49:37','2006-09-17 11:19:06','2008-06-18 13:56:52',0),(25,'Saepe reiciendis illo molestias aut maiores.','Sed ut ea dolores. Fugit vel voluptas accusamus consequuntur et sint omnis. In magni voluptatem maxime corrupti dolores. Sunt omnis ut repudiandae sed est incidunt.',1228.94,1546.33,17,1031,650,'782',3,'Consequatur culpa repellat rerum alias.',1,4,'2006-08-19 02:03:14','2014-11-03 15:21:19','2023-09-06 20:32:23',0),(26,'Culpa quis earum magni ut voluptatem.','Expedita culpa nemo beatae ut. Nesciunt placeat dolores eos sint molestiae nostrum pariatur. Totam rem molestiae est expedita et dolor dolorem.',2202.21,2392.39,13,1605,136,'603',1,'Aut itaque et quia cum molestias praesentium id.',0,9,'2007-02-06 06:37:42','2014-10-05 08:23:04','2020-12-08 00:16:23',0),(27,'Expedita labore et tempore aut non.','Aspernatur quia consequatur et maiores eos laborum. Modi voluptatem optio neque voluptatibus.',564.83,883.28,19,1582,1667,'469',11,'Aut qui recusandae error.',0,6,'2023-02-13 06:17:57','2023-07-15 09:37:18','2023-08-26 02:51:00',0),(28,'Sed pariatur quia ipsam eius nesciunt iure maxime.','Ut sunt ratione qui nostrum iste. Voluptate tenetur tenetur ab dolores explicabo voluptas veniam. Enim officia est sit et architecto ab. Aliquam vel voluptas voluptatem fugiat.',4477.9,4705.17,11,633,225,'876',8,'Nihil sed aut est sit explicabo quisquam.',1,4,'1983-12-02 05:45:41','1993-02-26 15:20:13','1996-10-15 09:42:56',0),(29,'Eveniet veritatis excepturi officiis dolores et veritatis commodi.','Voluptatem ab rerum nulla qui qui et. Est id iste minus et porro voluptas ea. Voluptas inventore perferendis quasi autem.',435.54,728.09,13,1313,1207,'280',5,'Aspernatur doloremque consequatur et eius.',0,10,'2014-12-27 23:18:55','2019-04-05 08:52:49','2020-11-13 13:26:25',0),(30,'Ducimus assumenda earum ut et eum aliquam nobis.','Qui eum asperiores ea. Dolorum reprehenderit distinctio eum blanditiis nesciunt labore saepe eligendi. Et excepturi facilis modi. Soluta excepturi adipisci sed voluptate molestiae dolorem.',994.87,1035.38,9,966,621,'901',9,'Doloremque qui sit autem quia ut.',1,10,'2009-09-10 17:41:04','2019-01-25 17:00:19','2022-04-30 03:41:14',0),(31,'Sint minima odit et aut dolores qui.','Provident sit enim voluptatibus consequatur id. Esse similique aut esse recusandae unde nobis voluptatem. Corporis eaque repellat fugiat hic sunt. Saepe ducimus est veritatis dolor.',3892.68,4034.73,14,1520,829,'688',14,'Quia esse placeat est perspiciatis.',1,1,'2007-01-21 22:47:37','2017-05-03 20:45:23','2021-09-12 22:46:20',0),(32,'Ducimus voluptas corrupti sunt aspernatur ducimus occaecati.','Dolore non soluta expedita illum amet sed. Voluptatem sed iste asperiores velit. Eaque aut quod veniam aut. Modi occaecati sit voluptas vel neque ab repudiandae.',560.94,969.77,5,1283,1521,'499',13,'Vitae nihil accusamus dignissimos minus eaque fugit reprehenderit cupiditate.',1,7,'2020-02-20 18:39:27','2020-05-10 11:15:28','2022-12-05 03:05:07',0),(33,'Similique et sint accusantium voluptas repellendus et voluptatem velit.','Rerum fuga minima architecto fuga provident numquam. In corporis omnis est non aut. Eos praesentium nihil id reprehenderit rerum laborum iure. Reiciendis in cum aliquid neque in.',166.46,424.47,11,249,229,'329',2,'Labore aut facere fugiat aut recusandae maiores optio.',1,12,'1992-11-15 05:13:58','2003-03-17 05:31:19','2007-11-11 08:37:56',0),(34,'Doloribus in et quam praesentium sed laboriosam minima.','Pariatur enim beatae laudantium eveniet eveniet cupiditate in. Harum qui dolores ipsa. Vel architecto laboriosam est facere aut ullam minus.',3989.44,4039.68,13,945,163,'360',5,'Excepturi ab eos at possimus.',0,8,'1988-07-03 20:44:30','2022-10-01 22:15:24','2023-08-17 12:30:34',0),(35,'Qui doloremque dolor numquam vero.','Eum consectetur excepturi ipsum aut. Cupiditate hic quidem accusantium. Quod et totam ducimus et dolorem nisi eum eum.',3820.38,3856.39,7,1234,869,'56',1,'Exercitationem facilis unde et cum omnis tempore impedit autem.',0,14,'1976-05-30 12:21:10','1988-05-07 18:21:28','2021-05-22 14:43:38',0),(36,'Excepturi molestiae odio numquam sint.','Voluptatum recusandae nihil corporis perferendis. Dignissimos suscipit animi aut qui voluptatem eveniet tempore. Deleniti similique eaque amet adipisci. Quasi nesciunt eligendi est temporibus et nesciunt velit.',2386.99,2860.98,17,1101,538,'866',9,'Nemo assumenda a aspernatur dolore cupiditate.',1,13,'1979-10-27 02:02:57','1991-10-29 00:08:08','2013-11-25 17:10:03',0),(37,'Veritatis commodi aut at voluptatibus error.','Consequatur pariatur rem quas aut dolores et nihil ipsa. Sunt animi distinctio itaque. Similique nam consequatur nemo ipsa error. Ad fugiat voluptatem molestiae amet.',1704.59,1781.85,16,1422,1700,'10',4,'Adipisci adipisci sequi maiores aliquid nulla.',1,6,'1982-06-02 22:25:58','2002-06-05 14:57:39','2022-04-20 14:00:20',0),(38,'Voluptatem sed recusandae est labore quis voluptatem doloremque.','Maiores consequatur quod tempora non nulla ratione. In voluptates nobis harum perspiciatis corporis perferendis. Inventore cupiditate et natus neque ratione cumque id. Vel est blanditiis architecto qui debitis.',176.94,579.04,11,910,1525,'673',6,'Quia est dignissimos nesciunt autem similique.',1,2,'1995-11-19 07:00:40','2011-09-15 03:07:49','2016-07-01 15:23:59',0),(39,'Voluptates corporis reiciendis repellat quo tempora saepe et pariatur.','Expedita tenetur esse ut vel est. Quia perspiciatis velit ducimus sunt in natus quam. Deleniti at odio atque nihil laboriosam ab numquam.',1626.32,2088.7,7,1371,1855,'36',12,'Ad doloribus voluptas dolores impedit.',1,7,'1973-09-06 11:55:38','2015-03-14 22:44:44','2015-09-30 00:27:27',0),(40,'Aspernatur sequi beatae voluptatem aut qui fugit.','Accusamus quis aut voluptatem at. Atque consequatur repellendus veritatis hic et. Dolor quas sint et asperiores eveniet. Dolor sint porro dolorem perspiciatis et explicabo voluptas.',37.47,197.26,8,1687,630,'366',3,'Aliquid delectus corporis omnis.',0,5,'1998-04-28 19:50:46','2014-03-20 12:49:49','2023-06-22 06:19:33',0),(41,'Est non voluptatum fugit consequatur facere dicta.','Occaecati molestiae fuga iure aut ratione ut expedita. Sint qui et consectetur laborum. Quisquam minus voluptates voluptatem deleniti repellat.',1419.94,1536.36,13,1517,627,'638',11,'Consectetur illo ut reprehenderit quia.',0,3,'1980-11-25 07:36:40','2012-09-19 05:04:25','2016-06-15 03:45:59',0),(42,'Voluptatem officia nisi earum.','Qui officiis quia molestiae esse placeat quis debitis. A non enim et qui. Natus ea possimus beatae eius rem placeat a. Delectus dignissimos dolor impedit omnis sequi.',2294.51,2679.37,16,586,1250,'831',10,'Quas eveniet enim corrupti magni.',1,5,'1998-05-09 07:29:39','1999-10-24 19:08:20','2011-10-28 21:27:14',0),(43,'Et harum ipsam perspiciatis aut rerum.','Asperiores non sint fugit ad in soluta commodi. Est et aperiam voluptatem omnis delectus. Consequatur porro dolorum libero quo dolores ut repellendus.',3018.62,3445.48,16,989,1417,'926',13,'Et debitis molestiae qui accusamus.',0,13,'1996-07-23 16:37:28','1997-04-09 09:39:22','2017-04-09 06:30:45',0),(44,'Ut cupiditate ea molestiae omnis.','Repellendus libero ullam eos sit id totam voluptatibus. Placeat aut eaque ea nostrum. Quo ut cum a aut id nesciunt possimus.',3135.75,3427.03,12,1261,621,'45',5,'Quam at saepe cum.',0,13,'1993-01-04 00:48:46','2007-12-08 04:06:09','2019-10-19 19:04:24',0),(45,'Vel dolorem aliquam corporis voluptatem.','Sint dolorem quos consequuntur ut ipsum dolore. Ut deleniti voluptas sapiente in sit consequatur. Quos tempore aperiam iusto vel reiciendis dolor. Dolores est ipsum quasi inventore. Blanditiis quis saepe rerum quo minima explicabo ullam.',4391.05,4662.57,15,1119,223,'309',11,'Dolor aut et non ea et sed.',0,10,'2012-11-19 18:50:36','2013-10-01 05:33:49','2022-05-04 10:39:51',0),(46,'Aliquam porro accusantium doloribus sint quia deleniti in.','Assumenda et assumenda earum ea et necessitatibus. Sed nihil sint qui sit recusandae ut itaque quas. Tempora eligendi saepe aut numquam veritatis magni. Sed iure est asperiores accusamus et praesentium nisi.',2274.6,2551.17,16,599,1030,'10',2,'Et culpa veniam molestiae possimus doloremque est et.',1,1,'2011-06-29 16:52:40','2019-09-07 20:59:18','2023-10-01 04:28:32',0),(47,'Voluptatem porro et ex pariatur.','Eaque dicta et voluptate qui architecto et. Quasi et saepe sed. Animi optio corporis non adipisci ratione delectus rerum.',3247.23,3310.42,6,1367,1782,'656',13,'Temporibus quo est aut sit.',1,10,'2013-05-10 01:11:35','2020-06-26 08:15:18','2022-12-09 12:56:16',0),(48,'Voluptatibus sint nam molestiae tempora officiis odit iure.','Quis rem doloribus magni veniam quisquam fugit. Cumque praesentium ut dicta nihil corrupti modi. Et accusantium consequatur quod animi qui.',3981.58,4124.93,6,761,28,'662',7,'Nihil qui mollitia velit modi.',1,11,'2011-12-21 02:27:23','2014-02-03 14:45:16','2023-05-20 11:04:09',0),(49,'Enim aut dolorem voluptas ipsam repellat aspernatur enim.','Incidunt nemo ut quasi. Voluptatem provident porro sit vel autem quasi quasi. Eum id at magni est quibusdam.',2370.03,2634.7,17,273,1279,'331',14,'Sed fugit voluptates quibusdam alias veritatis et provident.',1,5,'1970-12-02 23:08:49','1984-03-29 04:37:30','2005-03-03 09:32:42',0),(50,'Incidunt et velit inventore sunt.','Placeat ex nisi velit culpa voluptatibus aut. Et rerum omnis dolorum porro et quo.',28.38,321.56,18,111,575,'747',3,'Aliquid occaecati voluptatem non facilis aspernatur.',0,2,'2018-06-12 14:31:50','2018-09-03 07:11:07','2020-07-20 20:25:04',0),(51,'Sequi sunt ducimus est doloremque exercitationem aut cum.','Dolorum explicabo non sapiente consequatur. Velit natus voluptatem inventore consequatur hic beatae. Nisi voluptas et quod aut recusandae est rem tenetur. Id distinctio eius quos maiores consectetur quas.',1562.56,1944.93,10,345,1613,'237',2,'Iusto harum quis adipisci sequi vel sapiente.',0,1,'2005-09-21 03:45:47','2011-11-18 02:13:15','2017-06-23 02:48:10',0),(52,'Pariatur eveniet molestiae culpa et est.','Reprehenderit dolores alias tenetur quia quia deleniti. Magni minus exercitationem repellat veniam. Sed ad at veniam molestiae. Quos enim magni in voluptatem soluta dolore aut.',906.92,983.65,10,1944,670,'782',9,'Dolor dignissimos omnis assumenda voluptas impedit.',1,12,'2020-11-04 19:15:04','2021-03-19 13:33:21','2022-03-02 11:47:28',0),(53,'Blanditiis quia iure distinctio ab earum illum.','Voluptatem sint fugit dicta esse architecto. Fugiat id voluptatem deserunt iusto doloribus.',4361.32,4843.09,8,1830,1803,'973',2,'Qui cupiditate aut autem magni dolorem asperiores nam.',1,14,'1991-07-20 04:06:12','2022-08-19 02:22:18','2022-10-21 23:29:24',0),(54,'Atque excepturi qui rerum libero sint quo esse.','Saepe assumenda quis minima voluptatum. Aut voluptatem vitae sequi libero voluptas omnis. Quisquam earum adipisci iure nostrum quam quasi consequatur eligendi. Aut illum est nihil distinctio.',1887.12,2217.68,12,1566,511,'872',3,'Aut inventore qui hic et at non aut.',0,3,'2001-07-23 20:46:42','2010-01-29 13:28:49','2011-05-10 08:47:37',0),(55,'Officia qui molestias ducimus.','Tempora aut praesentium nobis molestiae. Animi quibusdam ea voluptatem reiciendis quo quos nihil nihil. Veniam earum sunt omnis repellat quo.',3408.16,3808.67,7,766,1981,'552',3,'Ullam tenetur qui omnis at nemo reprehenderit eum dolor.',0,8,'2017-06-03 17:37:48','2023-08-31 14:47:29','2023-09-22 06:34:54',0),(56,'Neque a recusandae sapiente voluptas nobis qui.','Natus fuga sed amet corrupti fuga aut. Explicabo numquam qui cum et ut voluptas. Nulla rerum assumenda voluptatibus aliquid qui qui.',3366.13,3755.83,9,1542,223,'238',15,'Sit optio magni fugiat veniam ut placeat praesentium.',1,4,'1996-06-02 00:19:06','2009-05-03 11:14:42','2010-07-31 02:04:18',0),(57,'Voluptatem cum consequuntur et nam magni rerum.','Dolorum minus qui quia voluptas tenetur illo voluptatem aut. Et accusantium molestiae nemo consequatur. Et minus quod est dolores.',503.3,805.04,9,895,699,'186',12,'Ut et vel nostrum labore.',1,14,'2011-06-28 11:24:42','2022-10-31 05:03:16','2023-02-27 12:40:32',0),(58,'Nostrum dolor porro iure vel in.','Est suscipit sed aperiam sit id. Error molestiae tempore dolore et quasi alias. Assumenda hic ullam ipsum nesciunt qui et.',1603.35,1963.11,20,284,1470,'656',3,'Iusto doloribus vel est.',0,13,'2008-02-17 01:02:46','2022-05-05 05:42:41','2023-05-05 14:59:54',0),(59,'Qui consequatur voluptas explicabo est officiis ab iste nostrum.','Qui quidem vel dolor eum corrupti voluptatem. Magnam eos repudiandae et. Dolor qui porro excepturi. Amet consequuntur aliquid iure.',3889.53,4007.32,8,587,636,'916',11,'Consequatur iusto perferendis quia exercitationem nam pariatur.',1,9,'2003-07-31 16:33:18','2006-10-03 17:23:30','2019-01-16 09:45:07',0),(60,'Quis cumque voluptatibus voluptas deserunt quis.','Possimus dolores reprehenderit magnam consequatur odio qui nisi quam. Est nemo enim non. Tempore dicta consectetur autem voluptas eum. Necessitatibus sed quisquam architecto sequi voluptatum.',3376.02,3772.93,16,1158,401,'772',5,'Ut tenetur laboriosam eveniet et sed aut a.',1,6,'2017-12-05 19:50:01','2022-01-25 10:30:34','2022-09-27 21:52:30',0),(61,'Amet quasi sunt enim libero corrupti excepturi ut.','Aut molestiae sunt a et. Maiores impedit veniam beatae et. Fuga molestias voluptatibus sunt eum id.',1878.93,2257.54,12,1250,1018,'356',4,'Voluptates reprehenderit ea doloribus enim facilis.',0,12,'1990-10-19 12:26:44','2008-05-31 12:13:31','2016-08-06 08:22:30',0),(62,'Quia fugiat possimus soluta quam.','Non deserunt omnis incidunt velit rerum beatae hic. Qui illo sunt minus nam. Rem voluptas culpa nemo sunt.',772.83,846.71,7,154,1088,'660',6,'Quibusdam voluptatibus eos dolorem debitis odio nulla.',1,10,'1985-04-11 03:13:19','2001-11-02 23:25:04','2007-06-04 06:11:59',0),(63,'Quaerat consequuntur itaque laborum id nihil voluptate.','Nesciunt quam autem repudiandae et molestias sunt maxime. Dicta dolores eos aspernatur voluptas laboriosam. Ut ipsam ratione quidem est. Molestiae adipisci mollitia velit voluptates.',2706.12,3054.55,8,1171,1223,'711',11,'Alias vel labore cumque autem.',1,2,'1978-08-27 01:40:37','1979-02-25 03:51:16','2019-03-29 01:36:13',0),(64,'In itaque odio vitae magnam qui consequatur libero ut.','Voluptatem ipsum dignissimos asperiores nesciunt pariatur quas ad. Quia quo voluptatum numquam occaecati sunt. Enim vel qui repudiandae.',2029.6,2484.98,14,1049,1221,'357',10,'Consequatur molestias qui facere praesentium incidunt dolor.',1,14,'2013-10-23 23:46:47','2022-11-12 21:11:17','2023-08-31 18:23:35',0),(65,'Quia et inventore est minima.','Eum et nihil quia vel tempora ipsa cum. Adipisci cum quam non blanditiis aliquid et. Dolor consequatur eius quia adipisci veritatis iusto. Quasi aut corrupti temporibus ratione aut possimus est culpa.',2885.29,3174.63,16,770,1746,'210',4,'Qui dolores sed in nobis est ut beatae.',0,6,'2002-09-05 15:35:10','2013-07-09 16:32:40','2020-07-15 17:28:17',0),(66,'Ea qui temporibus hic quia similique aliquid qui quibusdam.','Beatae perferendis ex ab explicabo dicta dicta saepe. Aut id quasi qui suscipit est sequi. Sunt molestiae est nemo labore dolorum facere libero soluta. Id in eos quia perspiciatis aspernatur dolor voluptatibus optio.',2840.49,3264.48,15,938,602,'645',2,'Repellat et et est aut.',0,12,'2023-02-18 17:13:45','2023-05-20 22:48:47','2023-08-10 11:20:40',0),(67,'Quaerat dicta quos quo quod.','Praesentium a doloribus voluptate quaerat officia. Omnis repudiandae mollitia iusto quia labore nesciunt quia dolor. Quae qui voluptatem ea quos repellendus.',4360.87,4540.79,20,1699,557,'902',14,'Optio et occaecati repellendus est qui et.',1,8,'2008-08-01 21:53:33','2016-05-03 17:41:44','2021-05-24 21:28:22',0),(68,'Quia porro commodi optio neque nisi explicabo consequatur.','Vero ut vel molestiae in molestiae quidem nihil illo. Quia voluptates atque sit. Dolor iusto quia dolore. Neque ex ipsum dolores aut laborum.',4021,4244.62,8,1783,615,'674',1,'Saepe sint cumque et dolor enim.',1,1,'1983-01-11 00:12:44','1999-09-30 15:56:12','2010-02-24 13:20:31',0),(69,'Officia quisquam exercitationem et.','Sit ratione dolorem atque et. Et veritatis natus et veniam labore alias. Minus molestias voluptatem tempora quia.',3763.48,4153.79,11,1389,738,'236',13,'Ipsa iusto saepe voluptatum dignissimos maiores sed sunt molestiae.',1,13,'1997-11-18 12:56:38','2002-02-03 19:25:43','2005-02-19 22:03:33',0),(70,'Id non sint repellat repellendus quia sit.','Qui molestias voluptatibus sed sit et quo. Dolorem qui veniam inventore voluptatem voluptas quaerat. Quidem voluptas distinctio illo magnam fuga doloremque pariatur.',1654.19,1810.32,17,1946,1190,'913',15,'Est sapiente placeat nihil.',0,13,'1996-10-16 18:04:40','1998-08-08 11:30:59','2022-08-19 09:18:57',0),(71,'Tempore et minus est sequi.','Eaque quod animi consectetur facilis ea et. Nostrum ad architecto dolorem veritatis corrupti labore magni. Saepe itaque excepturi aut ut eligendi. Et delectus pariatur quos et illum qui ut.',4430.71,4827.9,7,673,776,'574',9,'Perferendis sunt et nemo expedita fugiat.',0,5,'2001-09-22 08:01:34','2022-11-18 00:48:49','2023-04-13 22:36:02',0),(72,'Veritatis et aut ducimus sed.','Nemo at voluptates veritatis eaque rerum aspernatur. Et rem consectetur nihil. Aut quisquam aut nostrum.',1199.73,1489.83,6,193,210,'980',14,'Nostrum a tenetur enim unde.',1,5,'1977-06-19 07:49:17','1997-07-18 12:52:10','2020-05-16 22:55:11',0),(73,'Amet ducimus similique aut porro non iusto sunt.','Voluptatem quia suscipit deserunt qui. Laborum dolorum impedit voluptas iure in. Est iusto et et consequatur et.',3631.18,4126.66,12,1309,1585,'610',13,'Velit voluptatum cumque modi magnam atque et repellat.',1,9,'2001-07-19 10:13:53','2005-05-28 00:36:07','2015-09-29 16:18:34',0),(74,'Omnis amet aut debitis ipsam dolores minima aut.','Et tempore rem quia nihil iusto. Nesciunt quia non ducimus quidem. Iste nobis aut rerum vel vero ut quo.',1835.36,2061.2,16,1287,936,'123',8,'Consequuntur mollitia saepe totam est ipsa soluta.',0,9,'1976-09-26 09:42:19','2011-11-28 09:13:04','2012-07-17 09:57:15',0),(75,'Quas esse rerum minus sed enim.','Omnis omnis sed natus exercitationem rem aut nisi. Eveniet aliquam occaecati ut non magnam. Id quia voluptate quaerat rerum. Aspernatur sit assumenda dolores qui ratione dolorem rerum. Qui optio consequuntur tempore et.',2814.32,3276.24,10,1586,453,'385',5,'Voluptate architecto et et assumenda cupiditate nisi tenetur.',1,7,'2005-03-25 04:12:46','2022-03-31 16:10:21','2023-02-18 07:33:00',0),(76,'Voluptatem excepturi ut dolor unde.','Corrupti tempore et odit quia omnis voluptas porro. Necessitatibus blanditiis incidunt odio rerum. Ipsum sit perferendis aut.',961.34,1146.34,9,1554,286,'991',5,'Omnis tenetur rem nostrum enim maiores odio et.',1,5,'1976-11-06 13:21:40','1993-10-26 06:42:51','2008-08-03 11:34:06',0),(77,'Et architecto nulla voluptatem voluptas quia quia laborum.','Neque omnis tempore consectetur perspiciatis doloremque nihil. Sint sed ad beatae maxime praesentium eos id. Illum quo facilis aspernatur eos eum ratione.',706.57,806.68,7,981,1930,'417',11,'Totam velit rerum facere ea non blanditiis occaecati.',0,5,'1972-09-26 01:54:32','1984-08-01 06:27:24','1987-04-12 14:03:48',0),(78,'Id sit praesentium tempore error deserunt et dolorum.','Et in molestias vel in aliquid eius praesentium. Commodi quod vel asperiores maiores quia omnis. Culpa ipsa cupiditate rerum et dolor reiciendis qui rem.',4126.76,4525.28,20,880,1547,'80',10,'Placeat architecto tempore qui distinctio ad.',1,7,'1994-10-28 00:08:46','2007-07-31 15:12:38','2014-10-05 12:50:50',0),(79,'Nesciunt esse temporibus rerum optio.','Vel numquam dolor vero hic aut dolorem illum. Numquam odio optio totam et animi aut. Deserunt occaecati quaerat molestias aut consequatur.',4114.13,4359.93,7,898,1443,'77',11,'Est aut quo voluptatum eum.',1,4,'1994-07-26 16:15:08','2014-03-19 08:04:49','2018-08-13 10:58:00',0),(80,'Dignissimos quis commodi delectus omnis aliquid voluptates sequi.','Et animi pariatur corrupti in suscipit quis nihil quas. Quia eos ea nemo esse perferendis odit et provident. Repudiandae ex accusantium et non ratione. Ex nostrum et quaerat.',2846.71,3320.64,15,1218,80,'639',5,'Recusandae unde neque debitis incidunt similique assumenda.',0,2,'2013-11-16 16:18:42','2018-04-10 04:35:08','2018-11-09 09:58:16',0),(81,'Provident et explicabo fuga modi quod omnis.','Id et cupiditate ratione sed dolor earum. Eos qui aut accusamus odit. Aut eum fugiat in ut.',3440.67,3649.46,6,753,422,'335',5,'Voluptas quis sequi veritatis repellendus quisquam quam et iusto.',0,14,'1996-02-10 22:43:04','2014-01-29 19:03:03','2018-03-25 13:11:33',0),(82,'Facere accusamus optio voluptas.','Deleniti in temporibus rerum culpa non. Voluptatem voluptatum quas saepe quidem et sapiente.',438.74,535.29,18,213,1573,'267',1,'Ullam maiores magni sed illo.',1,4,'1989-03-23 12:01:58','2023-05-10 02:01:44','2023-07-06 15:48:18',0),(83,'Quia quae cum necessitatibus qui.','Enim atque voluptatem est beatae reprehenderit. Provident est sed autem sunt. Quaerat alias consequatur porro dolores quia officia iure. Sit praesentium sint et porro est distinctio.',3286.19,3606.52,9,782,351,'78',11,'Harum at corrupti veritatis omnis quidem.',0,2,'1970-08-31 00:15:56','1985-07-27 00:06:06','1990-08-13 04:37:37',0),(84,'Distinctio eligendi et eum molestias non maxime.','Veritatis voluptatem minus explicabo odit aperiam ipsa perspiciatis et. Debitis similique et reprehenderit. Ullam hic eveniet reiciendis nisi voluptatibus neque culpa.',2607.78,2850.56,6,1883,311,'360',6,'Qui debitis maxime nesciunt blanditiis perspiciatis aliquid.',1,1,'1978-11-04 13:07:43','2003-11-18 14:46:09','2018-01-02 04:55:59',0),(85,'Voluptatibus eveniet sapiente exercitationem vel.','Corrupti neque sint velit eum qui ut labore. Deserunt dolorum soluta similique ullam iure. Quae est velit eveniet temporibus molestias est dignissimos.',4421.66,4756.21,6,1212,236,'454',9,'Nam odio facere enim.',1,11,'2006-04-20 04:52:21','2018-04-19 14:09:17','2019-07-18 05:53:55',0),(86,'Unde repudiandae in dolore accusantium consequatur.','Vitae dolorem recusandae dolores iusto est laudantium. Est debitis accusantium praesentium qui nemo cupiditate est. Et enim et reprehenderit harum delectus alias. Culpa dolorem debitis quia.',3425.93,3578.43,14,1715,492,'299',13,'Culpa enim dolor dicta ipsam eaque.',0,15,'2007-09-18 09:10:27','2016-01-03 03:32:06','2021-08-30 14:09:41',0),(87,'Iusto quis exercitationem molestiae officia.','Et placeat neque sit culpa sed nobis omnis. Quam architecto voluptatibus et quasi ab ex impedit.',1307.47,1714.35,14,656,1958,'368',10,'Illo aut minima dolores ut deserunt similique.',0,15,'2011-07-30 08:26:52','2017-07-19 18:39:33','2022-02-02 21:00:49',0),(88,'Illum ut rem doloremque inventore.','Esse quod exercitationem eligendi adipisci et minus qui. Rerum ut non voluptate eligendi. Officia ut aperiam dignissimos vel nesciunt consequatur. Est cupiditate rerum magni debitis debitis totam rerum.',87.45,92.44,8,1554,89,'201',10,'Quia eaque et aut magnam necessitatibus dolorum.',0,2,'2010-11-07 10:52:16','2019-01-27 19:24:14','2021-06-06 19:48:15',0),(89,'Iusto odio rem quaerat autem tenetur odio rerum odio.','Saepe assumenda est nobis consectetur eaque cumque. Incidunt recusandae incidunt natus iusto non velit beatae. In minus libero cum quia dolores. Earum reiciendis aspernatur consectetur quo necessitatibus quia deserunt possimus. A itaque repudiandae ea ducimus temporibus.',1341.05,1374.87,6,782,1443,'457',14,'Sed eos aut id.',0,7,'2018-05-04 22:42:03','2021-04-15 06:25:08','2021-05-11 21:45:07',0),(90,'At qui et voluptatum eos.','Quasi tempore eos quisquam aspernatur doloribus quidem. Consequatur explicabo corporis nam in. Qui unde quibusdam atque vel et nihil quis sit. Saepe provident asperiores et.',532.05,632.26,12,421,509,'7',15,'Aliquam necessitatibus dolorem modi ratione dolores iste nostrum.',1,6,'1984-11-15 20:26:45','1998-06-11 02:04:15','2023-06-17 08:51:58',0),(91,'Sunt assumenda similique et eveniet.','Temporibus dolore id nihil provident quos dolorem at. Voluptas et velit earum soluta necessitatibus. Numquam est vel natus id enim ut dolorum. Maiores voluptatem sequi repudiandae impedit. Ea neque dolores quae nihil ab modi.',2547.28,2594.21,13,833,513,'941',5,'Nulla distinctio voluptatem facere dolor dolorem recusandae nobis.',0,14,'1978-09-18 03:51:13','2006-05-12 16:40:35','2006-11-09 17:41:14',0),(92,'Non id non laudantium non ut saepe.','Animi aut cupiditate animi rerum recusandae magni explicabo veritatis. Illo rerum dolor dolores quasi provident voluptatum. Debitis quaerat distinctio sed ullam.',1338.51,1632.07,5,789,384,'538',9,'Temporibus quibusdam et at autem sint ad aut beatae.',1,6,'1979-08-02 00:41:52','1996-04-07 13:21:52','2005-03-03 06:32:28',0),(93,'Eligendi dolorem sed non.','Animi voluptatem optio quia voluptatum at mollitia. Sed nihil consectetur culpa. Sunt sit reiciendis velit enim tempora.',971.93,1142.02,9,1862,191,'642',9,'Pariatur minus odio qui dolorem voluptate aut explicabo.',0,8,'1999-11-02 06:22:45','2002-07-18 05:08:07','2017-10-06 20:25:18',0),(94,'Architecto quibusdam odio accusamus porro sit placeat consectetur.','Temporibus dolorem dignissimos corrupti nesciunt. Quae ea quidem officiis sapiente dolor id sequi ex. Inventore rerum error reprehenderit possimus aliquid non sunt.',2243.93,2470.63,11,419,603,'767',8,'Quae et debitis unde et velit distinctio.',0,12,'1981-06-08 17:44:18','1997-05-25 21:12:35','1999-09-21 06:50:24',0),(95,'Pariatur corporis maiores sint a rerum qui sit.','Aliquid odio vel impedit nostrum quam molestias. Quae quo officia aut commodi dolores et id. Ipsum eveniet id quae quam aut nemo.',4161.23,4420.67,6,1327,1145,'85',13,'Tenetur excepturi nihil quam aperiam quis.',1,4,'2008-11-02 17:02:47','2009-07-17 17:28:34','2012-12-30 15:10:27',0),(96,'Illo officiis quod et porro et.','Et asperiores eveniet aperiam aut non fugit odio. Id maxime qui nam tenetur laudantium et. Rerum modi ratione et. A ex aut dicta dolore.',1330.13,1690.14,8,1911,77,'976',2,'Enim nihil itaque iusto veritatis ex voluptatibus.',0,15,'2020-06-22 04:14:32','2023-07-05 11:58:02','2023-07-31 19:53:49',0),(97,'Et ducimus explicabo ipsa nam sapiente.','Sunt saepe quisquam sunt dolores. Nam dolores ipsa doloribus magni. Consequuntur sunt qui debitis labore.',1199.92,1387.15,10,426,1945,'596',12,'Consectetur molestiae accusamus ea cum quo in fugit.',0,15,'1970-04-12 00:05:49','1982-08-16 08:45:56','1988-06-27 03:50:00',0),(98,'Qui distinctio quia aut officia.','Sed consequuntur dolor atque totam. Nihil quisquam ipsam possimus voluptatibus ipsa. Culpa ut autem dolorem ex architecto. Id optio omnis tempora magnam est sapiente.',997.57,1071.38,12,276,1765,'448',15,'Sunt ea dolor soluta quo omnis modi modi.',0,1,'1973-04-09 14:57:14','2009-03-21 02:03:38','2010-05-05 15:11:49',0),(99,'Nulla quasi quam ullam.','Ut ipsa facilis nesciunt provident aut earum. Aut qui laborum quia aliquam occaecati velit possimus. Voluptatibus atque quam repellendus aut ut.',94.57,174.48,11,1251,312,'182',14,'Iusto laborum aliquid aut animi ut excepturi.',1,4,'2000-05-22 07:00:11','2019-10-07 02:20:15','2022-10-29 16:38:23',0),(100,'Aut aut et et quos nam perspiciatis iste officiis.','Quidem vel aut fugit veniam et sunt. Quis distinctio eum iusto ut repellat reprehenderit. Ut officiis architecto quam et numquam dolorem molestiae.',3627.52,4110.76,17,1025,1785,'297',7,'Aliquam excepturi quis dolores nemo.',1,6,'1993-01-30 12:50:23','2000-11-29 13:56:34','2020-08-17 14:55:05',0);
/*!40000 ALTER TABLE `products` ENABLE KEYS */;
UNLOCK TABLES;

--
-- Table structure for table `profiles`
--

DROP TABLE IF EXISTS `profiles`;
/*!40101 SET @saved_cs_client     = @@character_set_client */;
/*!50503 SET character_set_client = utf8mb4 */;
CREATE TABLE `profiles` (
  `id` int(11) NOT NULL AUTO_INCREMENT,
  `profile` varchar(20) NOT NULL,
  `description` varchar(100) DEFAULT NULL,
  `status` tinyint(1) DEFAULT 1,
  `created_at` datetime DEFAULT NULL,
  `updated_at` datetime DEFAULT NULL,
  `deleted_at` datetime DEFAULT NULL,
  PRIMARY KEY (`id`)
) ENGINE=InnoDB AUTO_INCREMENT=7 DEFAULT CHARSET=utf8mb4 COLLATE=utf8mb4_general_ci;
/*!40101 SET character_set_client = @saved_cs_client */;

--
-- Dumping data for table `profiles`
--

LOCK TABLES `profiles` WRITE;
/*!40000 ALTER TABLE `profiles` DISABLE KEYS */;
INSERT INTO `profiles` VALUES (1,'Administrador','Administrador del blog',1,'2023-08-29 09:00:03',NULL,NULL),(2,'revisor','Autor de contenidos',1,'2023-08-29 09:00:08',NULL,NULL),(3,'editor','Autor de contenidos',1,'2023-08-29 09:00:03',NULL,NULL),(4,'autor','Autor de contenidos',1,'2023-08-29 09:00:03',NULL,NULL),(5,'colaborador','Usuario que lee las publicaciones',1,'2023-08-29 09:00:03',NULL,NULL),(6,'suscriptor','Autor de contenidos',1,'2023-08-29 09:00:08',NULL,NULL);
/*!40000 ALTER TABLE `profiles` ENABLE KEYS */;
UNLOCK TABLES;

--
-- Table structure for table `userinfo`
--

DROP TABLE IF EXISTS `userinfo`;
/*!40101 SET @saved_cs_client     = @@character_set_client */;
/*!50503 SET character_set_client = utf8mb4 */;
CREATE TABLE `userinfo` (
  `id` int(11) NOT NULL,
  `name` varchar(50) DEFAULT NULL,
  `lastname` varchar(80) DEFAULT NULL,
  `birthday` date DEFAULT NULL,
  `gender` char(1) DEFAULT NULL,
  `phone` varchar(15) DEFAULT NULL,
  `photo` varchar(250) DEFAULT NULL,
  `bio` text DEFAULT NULL,
  `website` varchar(255) DEFAULT NULL,
  `status` tinyint(1) DEFAULT 1,
  `created_at` datetime DEFAULT NULL,
  `updated_at` datetime DEFAULT NULL,
  `deleted_at` datetime DEFAULT NULL,
  PRIMARY KEY (`id`),
  CONSTRAINT `id_usuario` FOREIGN KEY (`id`) REFERENCES `users` (`id`)
) ENGINE=InnoDB DEFAULT CHARSET=utf8mb4 COLLATE=utf8mb4_general_ci;
/*!40101 SET character_set_client = @saved_cs_client */;

--
-- Dumping data for table `userinfo`
--

LOCK TABLES `userinfo` WRITE;
/*!40000 ALTER TABLE `userinfo` DISABLE KEYS */;
INSERT INTO `userinfo` VALUES (1,'Edgar','Degante','2000-08-01','h','2312066656',NULL,'Profesor del ITST','mapaches.info',1,'2023-08-29 10:00:00',NULL,NULL),(2,'Maria','Degante','2002-08-01','h','2312066657',NULL,'Profesor de BUAP','lobos.info',1,'2023-08-29 11:00:00',NULL,NULL),(3,'luis','Degante','2000-07-02','h','2312066658',NULL,'Profesor del ITST','mapaches.info',1,'2023-08-29 10:00:00',NULL,NULL),(4,'mariana','Degante','2002-07-04','m','2312066659',NULL,'Profesor del BUAP','lobos.info',1,'2023-08-29 12:00:00',NULL,NULL),(5,'edith','Degante','2000-05-08','m','2312066660',NULL,'Profesor del ITST','mapaches.info',1,'2023-08-29 15:00:00',NULL,NULL),(6,'jorge','Degante','2002-02-09','h','2312066661',NULL,'Profesor del BUAP','lobos.info',1,'2023-08-29 18:00:00',NULL,NULL),(7,'miguel','Degante','2001-01-11','h','2312066662',NULL,'Profesor del ITST','mapaches.info',1,'2023-08-29 10:00:00',NULL,NULL),(8,'adan','Degante','2005-01-20','h','2312066663',NULL,'Profesor del BUAP','lobos.info',1,'2023-08-29 10:00:00',NULL,NULL),(9,'miranda','Degante','2000-01-14','m','2312066664',NULL,'Profesor del BUAP','mapaches.info',1,'2023-08-29 11:00:00',NULL,NULL),(10,'flor','Degante','2001-07-16','m','2312066665',NULL,'Profesor del ITST','lobos.info',1,'2023-08-29 12:00:00',NULL,NULL),(11,'cristina','Degante','2001-04-09','m','2312066666',NULL,'Profesor del BUAP','mapaches.info',1,'2023-08-29 12:00:00',NULL,NULL),(12,'antonio','Degante','2005-05-07','h','2312066667',NULL,'Profesor del ITST','lobos.info',1,'2023-08-29 12:00:00',NULL,NULL),(13,'cristian','Degante','2005-12-04','h','2312066668',NULL,'Profesor del BUAP','mapaches.info',1,'2023-08-29 14:00:00',NULL,NULL),(14,'natalia','Degante','2000-10-22','m','2312066669',NULL,'Profesor del ITST','lobos.info',1,'2023-08-29 10:00:00',NULL,NULL),(15,'jesus','Degante','2000-06-11','h','2312066670',NULL,'Profesor del BUAP','mapaches.info',1,'2023-08-29 14:00:00',NULL,NULL);
/*!40000 ALTER TABLE `userinfo` ENABLE KEYS */;
UNLOCK TABLES;

--
-- Table structure for table `users`
--

DROP TABLE IF EXISTS `users`;
/*!40101 SET @saved_cs_client     = @@character_set_client */;
/*!50503 SET character_set_client = utf8mb4 */;
CREATE TABLE `users` (
  `id` int(11) NOT NULL AUTO_INCREMENT,
  `username` varchar(50) DEFAULT NULL,
  `password` varchar(150) DEFAULT NULL,
  `status` tinyint(1) DEFAULT NULL,
  `profile` int(11) NOT NULL,
  `created_at` datetime DEFAULT NULL,
  `updated_at` datetime DEFAULT NULL,
  `deleted_at` datetime DEFAULT NULL,
  PRIMARY KEY (`id`),
  KEY `profile` (`profile`),
  CONSTRAINT `users_ibfk_1` FOREIGN KEY (`profile`) REFERENCES `profiles` (`id`)
) ENGINE=InnoDB AUTO_INCREMENT=76 DEFAULT CHARSET=utf8mb4 COLLATE=utf8mb4_general_ci;
/*!40101 SET character_set_client = @saved_cs_client */;

--
-- Dumping data for table `users`
--

LOCK TABLES `users` WRITE;
/*!40000 ALTER TABLE `users` DISABLE KEYS */;
INSERT INTO `users` VALUES (1,'edgar','1234',1,1,'2023-08-29 09:40:00',NULL,NULL),(2,'Aurelio','5678',0,2,'2023-08-29 09:43:00',NULL,NULL),(3,'luis','91011',1,3,'2023-08-29 09:45:00',NULL,NULL),(4,'alejandro','121314',0,4,'2023-08-29 09:47:00',NULL,NULL),(5,'edith','151617',1,5,'2023-08-29 09:50:00',NULL,NULL),(6,'jorge','181920',0,6,'2023-08-29 09:53:00',NULL,NULL),(7,'miguel','212223',1,5,'2023-08-29 09:30:00',NULL,NULL),(8,'adan','242526',0,4,'2023-08-29 09:32:00',NULL,NULL),(9,'miranda','272829',1,3,'2023-08-29 09:36:00',NULL,NULL),(10,'flor','303132',0,2,'2023-08-29 09:40:00',NULL,NULL),(11,'cristina','333435',1,1,'2023-08-29 09:20:00',NULL,NULL),(12,'antonio','363738',0,2,'2023-08-29 09:25:00',NULL,NULL),(13,'cristian','394041',1,3,'2023-08-29 09:31:00',NULL,NULL),(14,'natalia','424344',0,4,'2023-08-29 09:34:00',NULL,NULL),(15,'jose','424344',0,4,'2023-08-29 09:34:00',NULL,NULL),(16,'pedro','424344',0,4,'2023-08-29 09:34:00',NULL,NULL),(17,'lucero','424344',0,4,'2023-08-29 09:34:00',NULL,NULL),(18,'antonio','424344',0,4,'2023-08-29 09:34:00',NULL,NULL),(19,'Yahir','424344',0,4,'2023-08-29 09:34:00',NULL,NULL),(20,'Brayan','424344',0,4,'2023-08-29 09:34:00',NULL,NULL),(21,'Vicente','424344',0,4,'2023-08-29 09:34:00',NULL,NULL),(22,'Mariela','424344',0,4,'2023-08-29 09:34:00',NULL,NULL),(23,'Porfirio','424344',0,4,'2023-08-29 09:34:00',NULL,NULL),(24,'Ricardo','424344',0,4,'2023-08-29 09:34:00',NULL,NULL),(25,'jesus','454647',1,5,'2023-08-29 09:35:00',NULL,NULL),(26,'carlos31','NQc5[\"~.YP',0,1,'1976-08-29 11:53:03','2019-05-15 04:20:27','2020-11-29 06:56:18'),(27,'maximo.kuvalis','OACV`Yl}FI?0',0,2,'1983-03-30 21:22:47','1986-06-05 08:46:16','1995-05-27 21:35:59'),(28,'derek09','6bBaX*2@30gG(',1,2,'2021-02-08 06:29:15','2023-02-01 09:18:39','2023-05-13 07:47:35'),(29,'tkoepp','1GNCw52j2VL',1,1,'1986-09-05 15:35:19','2015-05-01 16:10:02','2020-09-26 16:31:28'),(30,'mallie.kub',':NLZy|Nw!YtU4d$',1,1,'1996-02-27 11:53:52','1997-09-09 02:44:22','2015-11-11 11:36:32'),(31,'cassandra66','@+*iU&vpI!',0,1,'1987-10-18 02:49:02','1997-03-01 00:02:31','2002-04-06 15:46:01'),(32,'ferry.griffin','S++:P|0`u|NHKe7',1,2,'1985-09-24 22:51:53','2005-12-09 21:03:32','2013-10-06 07:48:57'),(33,'lind.sydni','mfe_797:)Z',0,2,'1980-10-11 02:33:34','1997-09-02 11:45:40','2005-12-19 18:16:45'),(34,'hilbert04','f(%NkG7,Y',0,2,'2018-04-24 16:47:13','2022-11-08 06:18:45','2023-05-22 01:42:53'),(35,'glover.fletcher','kOSyfmvV$;Zt',1,1,'2004-10-29 22:55:36','2013-07-15 11:05:23','2018-08-06 13:49:41'),(36,'savannah.turner','gE/\"(T2~Bi',1,1,'2016-02-18 03:39:53','2018-05-06 13:10:24','2019-04-03 18:59:57'),(37,'xrenner','Oacf,$l\\a$',0,1,'2006-12-16 00:23:25','2015-04-20 17:50:15','2020-10-20 05:06:10'),(38,'kyler.cummings','sB/]Rq=5;T',1,2,'2007-03-20 02:29:38','2010-03-08 00:25:50','2016-03-11 16:15:45'),(39,'klein.charles','4\'n3iQv{&K9=X',0,1,'1975-12-26 10:58:28','1999-05-19 07:40:01','2014-02-21 06:51:45'),(40,'tschuster','thX7|L/q4-6LCf',1,2,'1996-02-04 04:31:54','2023-01-08 09:08:47','2023-03-11 18:18:31'),(41,'lharris','p^yp!2osjB~C>J',0,2,'2000-06-11 04:24:14','2017-04-15 15:56:45','2021-12-11 19:35:48'),(42,'rreinger','Z/Jbp;|ML|',0,2,'1980-10-17 21:49:18','1984-11-25 11:14:34','1989-08-24 01:43:58'),(43,'velma12','D5Nv^5Wv^L',0,2,'1999-08-08 22:14:17','1999-10-29 15:32:53','2003-06-19 15:12:43'),(44,'ohara.alexie','_BHrNX{gZ',0,1,'1988-01-28 16:33:16','1990-03-23 14:54:34','2020-11-26 09:22:53'),(45,'millie69',';Q}S>;~Z0*|+-U>',0,2,'1978-06-08 17:51:08','2020-05-12 03:39:29','2021-09-08 11:41:07'),(46,'gwen.yundt','Q%b1BEo/*',1,2,'1974-12-09 06:19:18','1997-06-16 09:45:12','2003-07-21 14:49:54'),(47,'kenyatta10','Ox/~|GX|-9p(RTc',1,1,'1985-09-30 17:51:42','1988-10-14 10:20:20','2009-02-07 15:46:02'),(48,'name40','H-\\nY35JX^k(jy(',1,2,'1972-08-16 00:47:21','1976-03-25 22:38:06','1986-06-17 16:09:48'),(49,'annabel09','W[_9:J_/BdqtiX',1,1,'1975-12-10 19:39:21','2004-01-02 04:19:11','2009-12-03 08:13:27'),(50,'rahul.hermiston','V7Coidpq(O',1,2,'2000-06-15 19:28:24','2005-08-09 13:39:12','2012-10-28 21:45:12'),(51,'peggie92','9Dpn4(XG',1,2,'1998-08-10 06:40:55','2022-06-03 00:33:24','2022-07-08 00:05:54'),(52,'sberge','0d(.\"^\\C8Lf',1,1,'1984-06-13 02:55:04','2013-12-27 16:43:50','2018-08-15 11:52:05'),(53,'walter99','@@]V|\"1pDP/EPZ8',0,2,'1982-05-05 19:32:19','2008-12-08 10:24:40','2012-10-20 07:35:09'),(54,'gabriel11','y$r(iM))&%p6',0,2,'1981-10-07 19:28:54','2020-07-25 14:59:57','2021-08-17 14:01:17'),(55,'paucek.marlen','@lA5uc$~:#;l_3r',1,1,'2017-01-06 21:53:43','2022-07-19 07:15:52','2023-07-31 09:03:06'),(56,'rene30','oC3YQa4DAV,kh',0,2,'2000-02-12 04:21:53','2014-06-04 01:54:00','2016-09-16 04:01:36'),(57,'orval77','w,1!f}{u',1,1,'1997-09-26 01:41:47','2004-12-15 19:30:22','2022-02-15 17:08:28'),(58,'gutkowski.shyanne','@|sm^!Y\"o=',1,2,'1974-10-03 14:13:10','1987-03-08 08:12:49','2018-05-01 22:46:50'),(59,'wratke','s\'4J-o3*EP+',0,2,'1984-12-20 20:54:33','2005-05-31 10:42:12','2011-05-01 14:21:07'),(60,'akeem65','gmKGgRY?kY`h',0,2,'2000-03-07 19:11:59','2004-05-14 06:12:10','2009-04-22 04:31:08'),(61,'shaylee.hickle','T)ftW~S7+A\'L+U',1,1,'1998-07-26 15:20:03','1999-08-01 18:06:00','2023-05-19 23:40:53'),(62,'liliana74','jU7H+SRs',1,1,'2012-08-29 03:21:13','2015-11-24 06:38:28','2023-04-26 14:01:32'),(63,'henri42','lN5g}a]C6rj',0,2,'1987-06-05 14:28:18','1994-04-05 11:07:37','1996-08-18 15:58:46'),(64,'delores99','N4dLlGpiU=B',0,2,'2006-04-09 12:53:24','2013-02-16 02:14:53','2014-04-13 07:14:40'),(65,'ystracke','/bSCw[@E\'\"`+a1',1,1,'2003-03-10 02:58:40','2011-01-02 08:58:54','2018-10-08 00:50:18'),(66,'rweissnat','H=2fLaCm',0,1,'2004-08-21 08:38:09','2022-07-30 13:25:18','2023-08-03 13:10:30'),(67,'greyson34','z\"v$0Dw(4fJ',1,1,'2005-07-03 19:29:50','2017-07-16 16:26:08','2022-07-22 01:29:39'),(68,'schultz.timmy','CBlDM[:;-{m$6Ib',0,1,'1974-01-06 13:56:42','1981-03-26 23:08:27','1991-07-06 16:43:36'),(69,'jena.purdy','o}z&th`6e_an=(r',1,1,'2011-11-10 00:40:12','2015-03-21 09:55:32','2018-12-14 23:39:57'),(70,'ekoss','k5{C(~)H7t&',1,1,'1978-09-12 05:29:39','2015-02-10 19:50:13','2021-12-13 11:22:40'),(71,'julius.beer','f7(5eolo$a\\N',0,1,'2005-01-28 08:48:03','2013-09-27 08:07:32','2014-12-01 23:00:29'),(72,'louisa84','={\'mdk-S3f/!,',0,1,'1999-03-22 16:54:06','2018-07-11 22:06:37','2020-08-30 17:33:51'),(73,'byundt','7\\Z#ZcCoI}YD^',0,2,'2001-05-30 15:14:19','2023-04-23 02:56:49','2023-08-24 07:35:17'),(74,'jude.effertz','2J>7g%?u#.Qj',0,1,'1983-12-31 18:15:25','2000-07-02 16:11:59','2006-08-09 04:40:28'),(75,'yprosacco','Ecy^e0l<',0,1,'2007-05-08 11:58:17','2022-12-26 03:53:30','2023-04-17 19:36:40');
/*!40000 ALTER TABLE `users` ENABLE KEYS */;
UNLOCK TABLES;

--
-- Temporary view structure for view `usuario_activo`
--

DROP TABLE IF EXISTS `usuario_activo`;
/*!50001 DROP VIEW IF EXISTS `usuario_activo`*/;
SET @saved_cs_client     = @@character_set_client;
/*!50503 SET character_set_client = utf8mb4 */;
/*!50001 CREATE VIEW `usuario_activo` AS SELECT 
 1 AS `id`,
 1 AS `name`,
 1 AS `lastname`,
 1 AS `birthday`,
 1 AS `gender`,
 1 AS `phone`,
 1 AS `photo`,
 1 AS `bio`,
 1 AS `website`,
 1 AS `status`,
 1 AS `created_at`,
 1 AS `updated_at`,
 1 AS `deleted_at`*/;
SET character_set_client = @saved_cs_client;

--
-- Temporary view structure for view `usuario_estado`
--

DROP TABLE IF EXISTS `usuario_estado`;
/*!50001 DROP VIEW IF EXISTS `usuario_estado`*/;
SET @saved_cs_client     = @@character_set_client;
/*!50503 SET character_set_client = utf8mb4 */;
/*!50001 CREATE VIEW `usuario_estado` AS SELECT 
 1 AS `id`,
 1 AS `username`,
 1 AS `status`,
 1 AS `profile`*/;
SET character_set_client = @saved_cs_client;

--
-- Final view structure for view `post_categoria`
--

/*!50001 DROP VIEW IF EXISTS `post_categoria`*/;
/*!50001 SET @saved_cs_client          = @@character_set_client */;
/*!50001 SET @saved_cs_results         = @@character_set_results */;
/*!50001 SET @saved_col_connection     = @@collation_connection */;
/*!50001 SET character_set_client      = utf8mb4 */;
/*!50001 SET character_set_results     = utf8mb4 */;
/*!50001 SET collation_connection      = utf8mb4_general_ci */;
/*!50001 CREATE ALGORITHM=UNDEFINED DEFINER=`` SQL SECURITY DEFINER VIEW `post_categoria` AS select `p`.`title` AS `title`,`u`.`username` AS `username` from (`posts` `p` join `users` `u` on(`p`.`autor` = `u`.`id`)) */;
/*!50001 SET character_set_client      = @saved_cs_client */;
/*!50001 SET character_set_results     = @saved_cs_results */;
/*!50001 SET collation_connection      = @saved_col_connection */;

--
-- Final view structure for view `posts_activos`
--

/*!50001 DROP VIEW IF EXISTS `posts_activos`*/;
/*!50001 SET @saved_cs_client          = @@character_set_client */;
/*!50001 SET @saved_cs_results         = @@character_set_results */;
/*!50001 SET @saved_col_connection     = @@collation_connection */;
/*!50001 SET character_set_client      = utf8mb4 */;
/*!50001 SET character_set_results     = utf8mb4 */;
/*!50001 SET collation_connection      = utf8mb4_general_ci */;
/*!50001 CREATE ALGORITHM=UNDEFINED DEFINER=`` SQL SECURITY DEFINER VIEW `posts_activos` AS select `posts`.`id` AS `id`,`posts`.`category` AS `category`,`posts`.`autor` AS `autor`,`posts`.`title` AS `title`,`posts`.`content` AS `content`,`posts`.`status` AS `status`,`posts`.`created_at` AS `created_at`,`posts`.`updated_at` AS `updated_at`,`posts`.`deleted_at` AS `deleted_at` from `posts` where `posts`.`status` = 1 */;
/*!50001 SET character_set_client      = @saved_cs_client */;
/*!50001 SET character_set_results     = @saved_cs_results */;
/*!50001 SET collation_connection      = @saved_col_connection */;

--
-- Final view structure for view `posts_con_datos`
--

/*!50001 DROP VIEW IF EXISTS `posts_con_datos`*/;
/*!50001 SET @saved_cs_client          = @@character_set_client */;
/*!50001 SET @saved_cs_results         = @@character_set_results */;
/*!50001 SET @saved_col_connection     = @@collation_connection */;
/*!50001 SET character_set_client      = utf8mb4 */;
/*!50001 SET character_set_results     = utf8mb4 */;
/*!50001 SET collation_connection      = utf8mb4_general_ci */;
/*!50001 CREATE ALGORITHM=UNDEFINED DEFINER=`` SQL SECURITY DEFINER VIEW `posts_con_datos` AS select `c`.`category` AS `category`,`p`.`id` AS `id`,`p`.`title` AS `title`,`u`.`username` AS `username`,`p`.`created_at` AS `created_at` from ((`posts` `p` left join `categories` `c` on(`p`.`category` = `c`.`id`)) left join `users` `u` on(`u`.`id` = `p`.`autor`)) where `p`.`created_at` between '2001/01/01' and '2001/12/31' */;
/*!50001 SET character_set_client      = @saved_cs_client */;
/*!50001 SET character_set_results     = @saved_cs_results */;
/*!50001 SET collation_connection      = @saved_col_connection */;

--
-- Final view structure for view `posts_escritos_por_mujeres`
--

/*!50001 DROP VIEW IF EXISTS `posts_escritos_por_mujeres`*/;
/*!50001 SET @saved_cs_client          = @@character_set_client */;
/*!50001 SET @saved_cs_results         = @@character_set_results */;
/*!50001 SET @saved_col_connection     = @@collation_connection */;
/*!50001 SET character_set_client      = utf8mb4 */;
/*!50001 SET character_set_results     = utf8mb4 */;
/*!50001 SET collation_connection      = utf8mb4_general_ci */;
/*!50001 CREATE ALGORITHM=UNDEFINED DEFINER=`` SQL SECURITY DEFINER VIEW `posts_escritos_por_mujeres` AS select `p`.`title` AS `title`,`u`.`id` AS `uid`,`ui`.`id` AS `uiid` from ((`posts` `p` join `users` `u` on(`p`.`autor` = `u`.`id`)) join `userinfo` `ui` on(`u`.`id` = `ui`.`id`)) where `ui`.`gender` = 'f' */;
/*!50001 SET character_set_client      = @saved_cs_client */;
/*!50001 SET character_set_results     = @saved_cs_results */;
/*!50001 SET collation_connection      = @saved_col_connection */;

--
-- Final view structure for view `posts_ultimo`
--

/*!50001 DROP VIEW IF EXISTS `posts_ultimo`*/;
/*!50001 SET @saved_cs_client          = @@character_set_client */;
/*!50001 SET @saved_cs_results         = @@character_set_results */;
/*!50001 SET @saved_col_connection     = @@collation_connection */;
/*!50001 SET character_set_client      = utf8mb4 */;
/*!50001 SET character_set_results     = utf8mb4 */;
/*!50001 SET collation_connection      = utf8mb4_general_ci */;
/*!50001 CREATE ALGORITHM=UNDEFINED DEFINER=`` SQL SECURITY DEFINER VIEW `posts_ultimo` AS select `p`.`title` AS `NombrePost`,concat(`u`.`name`,' ',`u`.`lastname`) AS `Autor`,`c`.`category` AS `Categoria` from ((`posts` `p` join `userinfo` `u` on(`p`.`autor` = `u`.`id`)) join `categories` `c` on(`p`.`category` = `c`.`id`)) where `p`.`category` = (select max(`categories`.`id`) from `categories`) */;
/*!50001 SET character_set_client      = @saved_cs_client */;
/*!50001 SET character_set_results     = @saved_cs_results */;
/*!50001 SET collation_connection      = @saved_col_connection */;

--
-- Final view structure for view `usuario_activo`
--

/*!50001 DROP VIEW IF EXISTS `usuario_activo`*/;
/*!50001 SET @saved_cs_client          = @@character_set_client */;
/*!50001 SET @saved_cs_results         = @@character_set_results */;
/*!50001 SET @saved_col_connection     = @@collation_connection */;
/*!50001 SET character_set_client      = utf8mb4 */;
/*!50001 SET character_set_results     = utf8mb4 */;
/*!50001 SET collation_connection      = utf8mb4_general_ci */;
/*!50001 CREATE ALGORITHM=UNDEFINED DEFINER=`` SQL SECURITY DEFINER VIEW `usuario_activo` AS select `userinfo`.`id` AS `id`,`userinfo`.`name` AS `name`,`userinfo`.`lastname` AS `lastname`,`userinfo`.`birthday` AS `birthday`,`userinfo`.`gender` AS `gender`,`userinfo`.`phone` AS `phone`,`userinfo`.`photo` AS `photo`,`userinfo`.`bio` AS `bio`,`userinfo`.`website` AS `website`,`userinfo`.`status` AS `status`,`userinfo`.`created_at` AS `created_at`,`userinfo`.`updated_at` AS `updated_at`,`userinfo`.`deleted_at` AS `deleted_at` from `userinfo` */;
/*!50001 SET character_set_client      = @saved_cs_client */;
/*!50001 SET character_set_results     = @saved_cs_results */;
/*!50001 SET collation_connection      = @saved_col_connection */;

--
-- Final view structure for view `usuario_estado`
--

/*!50001 DROP VIEW IF EXISTS `usuario_estado`*/;
/*!50001 SET @saved_cs_client          = @@character_set_client */;
/*!50001 SET @saved_cs_results         = @@character_set_results */;
/*!50001 SET @saved_col_connection     = @@collation_connection */;
/*!50001 SET character_set_client      = utf8mb4 */;
/*!50001 SET character_set_results     = utf8mb4 */;
/*!50001 SET collation_connection      = utf8mb4_general_ci */;
/*!50001 CREATE ALGORITHM=UNDEFINED DEFINER=`` SQL SECURITY DEFINER VIEW `usuario_estado` AS select `u`.`id` AS `id`,`u`.`username` AS `username`,`u`.`status` AS `status`,`p`.`profile` AS `profile` from (`users` `u` join `profiles` `p` on(`u`.`profile` = `p`.`id`)) */;
/*!50001 SET character_set_client      = @saved_cs_client */;
/*!50001 SET character_set_results     = @saved_cs_results */;
/*!50001 SET collation_connection      = @saved_col_connection */;
/*!40103 SET TIME_ZONE=@OLD_TIME_ZONE */;

/*!40101 SET SQL_MODE=@OLD_SQL_MODE */;
/*!40014 SET FOREIGN_KEY_CHECKS=@OLD_FOREIGN_KEY_CHECKS */;
/*!40014 SET UNIQUE_CHECKS=@OLD_UNIQUE_CHECKS */;
/*!40101 SET CHARACTER_SET_CLIENT=@OLD_CHARACTER_SET_CLIENT */;
/*!40101 SET CHARACTER_SET_RESULTS=@OLD_CHARACTER_SET_RESULTS */;
/*!40101 SET COLLATION_CONNECTION=@OLD_COLLATION_CONNECTION */;
/*!40111 SET SQL_NOTES=@OLD_SQL_NOTES */;

-- Dump completed on 2023-10-16 21:56:22
